Copyright 1986-2019 Xilinx, Inc. All Rights Reserved.
-----------------------------------------------------------------------------------------------------------------------------------------------------------------------------------------------------------------------------------
| Tool Version : Vivado v.2019.2 (win64) Build 2708876 Wed Nov  6 21:40:23 MST 2019
| Date         : Wed May  6 11:47:11 2026
| Host         : lhr running 64-bit major release  (build 9200)
| Command      : report_timing_summary -max_paths 10 -file riscv_mcu_tdpram_top_timing_summary_routed.rpt -pb riscv_mcu_tdpram_top_timing_summary_routed.pb -rpx riscv_mcu_tdpram_top_timing_summary_routed.rpx -warn_on_violation
| Design       : riscv_mcu_tdpram_top
| Device       : 7a100t-fgg676
| Speed File   : -2  PRODUCTION 1.23 2018-06-13
-----------------------------------------------------------------------------------------------------------------------------------------------------------------------------------------------------------------------------------

Timing Summary Report

------------------------------------------------------------------------------------------------
| Timer Settings
| --------------
------------------------------------------------------------------------------------------------

  Enable Multi Corner Analysis               :  Yes
  Enable Pessimism Removal                   :  Yes
  Pessimism Removal Resolution               :  Nearest Common Node
  Enable Input Delay Default Clock           :  No
  Enable Preset / Clear Arcs                 :  No
  Disable Flight Delays                      :  No
  Ignore I/O Paths                           :  No
  Timing Early Launch at Borrowing Latches   :  No
  Borrow Time for Max Delay Exceptions       :  Yes
  Merge Timing Exceptions                    :  Yes

  Corner  Analyze    Analyze    
  Name    Max Paths  Min Paths  
  ------  ---------  ---------  
  Slow    Yes        Yes        
  Fast    Yes        Yes        



check_timing report

Table of Contents
-----------------
1. checking no_clock
2. checking constant_clock
3. checking pulse_width_clock
4. checking unconstrained_internal_endpoints
5. checking no_input_delay
6. checking no_output_delay
7. checking multiple_clock
8. checking generated_clocks
9. checking loops
10. checking partial_input_delay
11. checking partial_output_delay
12. checking latch_loops

1. checking no_clock
--------------------
 There are 0 register/latch pins with no clock.


2. checking constant_clock
--------------------------
 There are 0 register/latch pins with constant_clock.


3. checking pulse_width_clock
-----------------------------
 There are 0 register/latch pins which need pulse_width check


4. checking unconstrained_internal_endpoints
--------------------------------------------
 There are 0 pins that are not constrained for maximum delay.

 There are 0 pins that are not constrained for maximum delay due to constant clock.


5. checking no_input_delay
--------------------------
 There are 32 input ports with no input delay specified. (HIGH)

 There are 0 input ports with no input delay but user has a false path constraint.


6. checking no_output_delay
---------------------------
 There are 32 ports with no output delay specified. (HIGH)

 There are 0 ports with no output delay but user has a false path constraint

 There are 0 ports with no output delay but with a timing clock defined on it or propagating through it


7. checking multiple_clock
--------------------------
 There are 0 register/latch pins with multiple clocks.


8. checking generated_clocks
----------------------------
 There are 0 generated clocks that are not connected to a clock source.


9. checking loops
-----------------
 There are 0 combinational loops in the design.


10. checking partial_input_delay
--------------------------------
 There are 0 input ports with partial input delay specified.


11. checking partial_output_delay
---------------------------------
 There are 0 ports with partial output delay specified.


12. checking latch_loops
------------------------
 There are 0 combinational latch loops in the design through latch input



------------------------------------------------------------------------------------------------
| Design Timing Summary
| ---------------------
------------------------------------------------------------------------------------------------

    WNS(ns)      TNS(ns)  TNS Failing Endpoints  TNS Total Endpoints      WHS(ns)      THS(ns)  THS Failing Endpoints  THS Total Endpoints     WPWS(ns)     TPWS(ns)  TPWS Failing Endpoints  TPWS Total Endpoints  
    -------      -------  ---------------------  -------------------      -------      -------  ---------------------  -------------------     --------     --------  ----------------------  --------------------  
      0.187        0.000                      0                 4972        0.120        0.000                      0                 4972        3.000        0.000                       0                  1969  


All user specified timing constraints are met.


------------------------------------------------------------------------------------------------
| Clock Summary
| -------------
------------------------------------------------------------------------------------------------

Clock                     Waveform(ns)       Period(ns)      Frequency(MHz)
-----                     ------------       ----------      --------------
clk                       {0.000 5.000}      10.000          100.000         
  clk_cpu_clk_wiz_sys_1   {0.000 5.000}      10.000          100.000         
  clkfbout_clk_wiz_sys_1  {0.000 5.000}      10.000          100.000         


------------------------------------------------------------------------------------------------
| Intra Clock Table
| -----------------
------------------------------------------------------------------------------------------------

Clock                         WNS(ns)      TNS(ns)  TNS Failing Endpoints  TNS Total Endpoints      WHS(ns)      THS(ns)  THS Failing Endpoints  THS Total Endpoints     WPWS(ns)     TPWS(ns)  TPWS Failing Endpoints  TPWS Total Endpoints  
-----                         -------      -------  ---------------------  -------------------      -------      -------  ---------------------  -------------------     --------     --------  ----------------------  --------------------  
clk                                                                                                                                                                         3.000        0.000                       0                     1  
  clk_cpu_clk_wiz_sys_1         0.187        0.000                      0                 4972        0.120        0.000                      0                 4972        4.500        0.000                       0                  1965  
  clkfbout_clk_wiz_sys_1                                                                                                                                                    8.408        0.000                       0                     3  


------------------------------------------------------------------------------------------------
| Inter Clock Table
| -----------------
------------------------------------------------------------------------------------------------

From Clock    To Clock          WNS(ns)      TNS(ns)  TNS Failing Endpoints  TNS Total Endpoints      WHS(ns)      THS(ns)  THS Failing Endpoints  THS Total Endpoints  
----------    --------          -------      -------  ---------------------  -------------------      -------      -------  ---------------------  -------------------  


------------------------------------------------------------------------------------------------
| Other Path Groups Table
| -----------------------
------------------------------------------------------------------------------------------------

Path Group    From Clock    To Clock          WNS(ns)      TNS(ns)  TNS Failing Endpoints  TNS Total Endpoints      WHS(ns)      THS(ns)  THS Failing Endpoints  THS Total Endpoints  
----------    ----------    --------          -------      -------  ---------------------  -------------------      -------      -------  ---------------------  -------------------  


------------------------------------------------------------------------------------------------
| Timing Details
| --------------
------------------------------------------------------------------------------------------------


---------------------------------------------------------------------------------------------------
From Clock:  clk
  To Clock:  clk

Setup :           NA  Failing Endpoints,  Worst Slack           NA  ,  Total Violation           NA
Hold  :           NA  Failing Endpoints,  Worst Slack           NA  ,  Total Violation           NA
PW    :            0  Failing Endpoints,  Worst Slack        3.000ns,  Total Violation        0.000ns
---------------------------------------------------------------------------------------------------


Pulse Width Checks
--------------------------------------------------------------------------------------
Clock Name:         clk
Waveform(ns):       { 0.000 5.000 }
Period(ns):         10.000
Sources:            { CLK_FPGA }

Check Type        Corner  Lib Pin            Reference Pin  Required(ns)  Actual(ns)  Slack(ns)  Location         Pin
Min Period        n/a     MMCME2_ADV/CLKIN1  n/a            1.249         10.000      8.751      MMCME2_ADV_X0Y0  clk_wiz_sys_inst/inst/mmcm_adv_inst/CLKIN1
Max Period        n/a     MMCME2_ADV/CLKIN1  n/a            100.000       10.000      90.000     MMCME2_ADV_X0Y0  clk_wiz_sys_inst/inst/mmcm_adv_inst/CLKIN1
Low Pulse Width   Slow    MMCME2_ADV/CLKIN1  n/a            2.000         5.000       3.000      MMCME2_ADV_X0Y0  clk_wiz_sys_inst/inst/mmcm_adv_inst/CLKIN1
Low Pulse Width   Fast    MMCME2_ADV/CLKIN1  n/a            2.000         5.000       3.000      MMCME2_ADV_X0Y0  clk_wiz_sys_inst/inst/mmcm_adv_inst/CLKIN1
High Pulse Width  Slow    MMCME2_ADV/CLKIN1  n/a            2.000         5.000       3.000      MMCME2_ADV_X0Y0  clk_wiz_sys_inst/inst/mmcm_adv_inst/CLKIN1
High Pulse Width  Fast    MMCME2_ADV/CLKIN1  n/a            2.000         5.000       3.000      MMCME2_ADV_X0Y0  clk_wiz_sys_inst/inst/mmcm_adv_inst/CLKIN1



---------------------------------------------------------------------------------------------------
From Clock:  clk_cpu_clk_wiz_sys_1
  To Clock:  clk_cpu_clk_wiz_sys_1

Setup :            0  Failing Endpoints,  Worst Slack        0.187ns,  Total Violation        0.000ns
Hold  :            0  Failing Endpoints,  Worst Slack        0.120ns,  Total Violation        0.000ns
PW    :            0  Failing Endpoints,  Worst Slack        4.500ns,  Total Violation        0.000ns
---------------------------------------------------------------------------------------------------


Max Delay Paths
--------------------------------------------------------------------------------------
Slack (MET) :             0.187ns  (required time - arrival time)
  Source:                 riscv_cpu_inst/EXMEM_reg_inst/ex_mem_reg_wr_idx_reg[4]/C
                            (rising edge-triggered cell FDRE clocked by clk_cpu_clk_wiz_sys_1  {rise@0.000ns fall@5.000ns period=10.000ns})
  Destination:            riscv_cpu_inst/branch_target_pc_r_reg[22]/CE
                            (rising edge-triggered cell FDRE clocked by clk_cpu_clk_wiz_sys_1  {rise@0.000ns fall@5.000ns period=10.000ns})
  Path Group:             clk_cpu_clk_wiz_sys_1
  Path Type:              Setup (Max at Slow Process Corner)
  Requirement:            10.000ns  (clk_cpu_clk_wiz_sys_1 rise@10.000ns - clk_cpu_clk_wiz_sys_1 rise@0.000ns)
  Data Path Delay:        9.518ns  (logic 3.386ns (35.575%)  route 6.132ns (64.425%))
  Logic Levels:           18  (CARRY4=5 LUT2=2 LUT3=1 LUT4=3 LUT5=2 LUT6=4 MUXF7=1)
  Clock Path Skew:        -0.053ns (DCD - SCD + CPR)
    Destination Clock Delay (DCD):    -1.599ns = ( 8.401 - 10.000 ) 
    Source Clock Delay      (SCD):    -1.078ns
    Clock Pessimism Removal (CPR):    0.469ns
  Clock Uncertainty:      0.074ns  ((TSJ^2 + DJ^2)^1/2) / 2 + PE
    Total System Jitter     (TSJ):    0.071ns
    Discrete Jitter          (DJ):    0.129ns
    Phase Error              (PE):    0.000ns

    Location             Delay type                Incr(ns)  Path(ns)    Netlist Resource(s)
  -------------------------------------------------------------------    -------------------
                         (clock clk_cpu_clk_wiz_sys_1 rise edge)
                                                      0.000     0.000 r  
    Y22                                               0.000     0.000 r  CLK_FPGA (IN)
                         net (fo=0)                   0.000     0.000    clk_wiz_sys_inst/inst/clk_in1
    Y22                  IBUF (Prop_ibuf_I_O)         0.920     0.920 r  clk_wiz_sys_inst/inst/clkin1_ibufg/O
                         net (fo=1, routed)           1.065     1.986    clk_wiz_sys_inst/inst/clk_in1_clk_wiz_sys
    MMCME2_ADV_X0Y0      MMCME2_ADV (Prop_mmcme2_adv_CLKIN1_CLKOUT0)
                                                     -6.238    -4.252 r  clk_wiz_sys_inst/inst/mmcm_adv_inst/CLKOUT0
                         net (fo=1, routed)           1.714    -2.538    clk_wiz_sys_inst/inst/clk_cpu_clk_wiz_sys
    BUFGCTRL_X0Y0        BUFG (Prop_bufg_I_O)         0.081    -2.457 r  clk_wiz_sys_inst/inst/clkout1_buf/O
                         net (fo=1963, routed)        1.380    -1.078    riscv_cpu_inst/EXMEM_reg_inst/clk_cpu
    SLICE_X40Y55         FDRE                                         r  riscv_cpu_inst/EXMEM_reg_inst/ex_mem_reg_wr_idx_reg[4]/C
  -------------------------------------------------------------------    -------------------
    SLICE_X40Y55         FDRE (Prop_fdre_C_Q)         0.348    -0.730 f  riscv_cpu_inst/EXMEM_reg_inst/ex_mem_reg_wr_idx_reg[4]/Q
                         net (fo=5, routed)           0.692    -0.037    riscv_cpu_inst/EXMEM_reg_inst/ex_mem_reg_wr_idx_reg[4]_0[4]
    SLICE_X40Y53         LUT6 (Prop_lut6_I3_O)        0.242     0.205 f  riscv_cpu_inst/EXMEM_reg_inst/ex_mem_reg_rd_dout_2[31]_i_5/O
                         net (fo=2, routed)           0.240     0.445    riscv_cpu_inst/EXMEM_reg_inst/riscv_hazard_unit_inst/p_7_in
    SLICE_X40Y54         LUT6 (Prop_lut6_I0_O)        0.105     0.550 f  riscv_cpu_inst/EXMEM_reg_inst/ex_mem_reg_rd_dout_2[31]_i_2/O
                         net (fo=34, routed)          0.578     1.128    riscv_cpu_inst/EXMEM_reg_inst/forward_b12_out
    SLICE_X40Y54         LUT2 (Prop_lut2_I0_O)        0.124     1.252 f  riscv_cpu_inst/EXMEM_reg_inst/ex_mem_reg_rd_dout_2[31]_i_3/O
                         net (fo=28, routed)          0.619     1.871    riscv_cpu_inst/EXMEM_reg_inst/ex_mem_reg_rd_dout_2[31]_i_3_n_0
    SLICE_X40Y55         LUT6 (Prop_lut6_I3_O)        0.274     2.145 r  riscv_cpu_inst/EXMEM_reg_inst/ex_mem_reg_rd_dout_2[8]_i_1/O
                         net (fo=2, routed)           0.518     2.663    riscv_cpu_inst/IDEX_reg_inst/D[8]
    SLICE_X46Y52         LUT3 (Prop_lut3_I1_O)        0.105     2.768 r  riscv_cpu_inst/IDEX_reg_inst/ex_mem_alu_data_out[8]_i_7/O
                         net (fo=8, routed)           0.558     3.325    riscv_cpu_inst/IDEX_reg_inst/alu_operand_b[8]
    SLICE_X49Y56         LUT2 (Prop_lut2_I1_O)        0.105     3.430 r  riscv_cpu_inst/IDEX_reg_inst/ex_mem_alu_data_out[11]_i_21/O
                         net (fo=1, routed)           0.000     3.430    riscv_cpu_inst/IDEX_reg_inst/ex_mem_alu_data_out[11]_i_21_n_0
    SLICE_X49Y56         CARRY4 (Prop_carry4_S[0]_CO[3])
                                                      0.440     3.870 r  riscv_cpu_inst/IDEX_reg_inst/ex_mem_alu_data_out_reg[11]_i_12/CO[3]
                         net (fo=1, routed)           0.000     3.870    riscv_cpu_inst/IDEX_reg_inst/ex_mem_alu_data_out_reg[11]_i_12_n_0
    SLICE_X49Y57         CARRY4 (Prop_carry4_CI_CO[3])
                                                      0.098     3.968 r  riscv_cpu_inst/IDEX_reg_inst/ex_mem_alu_data_out_reg[15]_i_12/CO[3]
                         net (fo=1, routed)           0.000     3.968    riscv_cpu_inst/IDEX_reg_inst/ex_mem_alu_data_out_reg[15]_i_12_n_0
    SLICE_X49Y58         CARRY4 (Prop_carry4_CI_CO[3])
                                                      0.098     4.066 r  riscv_cpu_inst/IDEX_reg_inst/ex_mem_alu_data_out_reg[19]_i_12/CO[3]
                         net (fo=1, routed)           0.000     4.066    riscv_cpu_inst/IDEX_reg_inst/ex_mem_alu_data_out_reg[19]_i_12_n_0
    SLICE_X49Y59         CARRY4 (Prop_carry4_CI_CO[3])
                                                      0.098     4.164 r  riscv_cpu_inst/IDEX_reg_inst/ex_mem_alu_data_out_reg[23]_i_12/CO[3]
                         net (fo=1, routed)           0.000     4.164    riscv_cpu_inst/IDEX_reg_inst/ex_mem_alu_data_out_reg[23]_i_12_n_0
    SLICE_X49Y60         CARRY4 (Prop_carry4_CI_O[1])
                                                      0.265     4.429 f  riscv_cpu_inst/IDEX_reg_inst/ex_mem_alu_data_out_reg[27]_i_12/O[1]
                         net (fo=1, routed)           0.592     5.021    riscv_cpu_inst/IDEX_reg_inst/riscv_alu_inst/data0[25]
    SLICE_X42Y60         LUT4 (Prop_lut4_I0_O)        0.250     5.271 f  riscv_cpu_inst/IDEX_reg_inst/ex_mem_alu_data_out[25]_i_6/O
                         net (fo=1, routed)           0.446     5.718    riscv_cpu_inst/IDEX_reg_inst/ex_mem_alu_data_out[25]_i_6_n_0
    SLICE_X42Y59         LUT5 (Prop_lut5_I4_O)        0.105     5.823 f  riscv_cpu_inst/IDEX_reg_inst/ex_mem_alu_data_out[25]_i_2/O
                         net (fo=1, routed)           0.000     5.823    riscv_cpu_inst/IDEX_reg_inst/ex_mem_alu_data_out[25]_i_2_n_0
    SLICE_X42Y59         MUXF7 (Prop_muxf7_I0_O)      0.173     5.996 f  riscv_cpu_inst/IDEX_reg_inst/ex_mem_alu_data_out_reg[25]_i_1/O
                         net (fo=3, routed)           0.677     6.672    riscv_cpu_inst/IDEX_reg_inst/alu_data_out[25]
    SLICE_X43Y60         LUT4 (Prop_lut4_I0_O)        0.241     6.913 f  riscv_cpu_inst/IDEX_reg_inst/branch_target_pc_r[31]_i_20/O
                         net (fo=2, routed)           0.356     7.269    riscv_cpu_inst/IDEX_reg_inst/branch_target_pc_r[31]_i_20_n_0
    SLICE_X44Y61         LUT5 (Prop_lut5_I4_O)        0.105     7.374 r  riscv_cpu_inst/IDEX_reg_inst/branch_target_pc_r[31]_i_12/O
                         net (fo=1, routed)           0.237     7.611    riscv_cpu_inst/IDEX_reg_inst/branch_target_pc_r[31]_i_12_n_0
    SLICE_X47Y61         LUT4 (Prop_lut4_I1_O)        0.105     7.716 r  riscv_cpu_inst/IDEX_reg_inst/branch_target_pc_r[31]_i_5/O
                         net (fo=1, routed)           0.113     7.829    riscv_cpu_inst/IDEX_reg_inst/alu_zero_flag
    SLICE_X47Y61         LUT6 (Prop_lut6_I3_O)        0.105     7.934 r  riscv_cpu_inst/IDEX_reg_inst/branch_target_pc_r[31]_i_1/O
                         net (fo=32, routed)          0.506     8.440    riscv_cpu_inst/branch_taken_ex
    SLICE_X47Y61         FDRE                                         r  riscv_cpu_inst/branch_target_pc_r_reg[22]/CE
  -------------------------------------------------------------------    -------------------

                         (clock clk_cpu_clk_wiz_sys_1 rise edge)
                                                     10.000    10.000 r  
    Y22                                               0.000    10.000 r  CLK_FPGA (IN)
                         net (fo=0)                   0.000    10.000    clk_wiz_sys_inst/inst/clk_in1
    Y22                  IBUF (Prop_ibuf_I_O)         0.789    10.789 r  clk_wiz_sys_inst/inst/clkin1_ibufg/O
                         net (fo=1, routed)           1.004    11.793    clk_wiz_sys_inst/inst/clk_in1_clk_wiz_sys
    MMCME2_ADV_X0Y0      MMCME2_ADV (Prop_mmcme2_adv_CLKIN1_CLKOUT0)
                                                     -6.363     5.430 r  clk_wiz_sys_inst/inst/mmcm_adv_inst/CLKOUT0
                         net (fo=1, routed)           1.633     7.063    clk_wiz_sys_inst/inst/clk_cpu_clk_wiz_sys
    BUFGCTRL_X0Y0        BUFG (Prop_bufg_I_O)         0.077     7.140 r  clk_wiz_sys_inst/inst/clkout1_buf/O
                         net (fo=1963, routed)        1.261     8.401    riscv_cpu_inst/clk_cpu
    SLICE_X47Y61         FDRE                                         r  riscv_cpu_inst/branch_target_pc_r_reg[22]/C
                         clock pessimism              0.469     8.869    
                         clock uncertainty           -0.074     8.796    
    SLICE_X47Y61         FDRE (Setup_fdre_C_CE)      -0.168     8.628    riscv_cpu_inst/branch_target_pc_r_reg[22]
  -------------------------------------------------------------------
                         required time                          8.628    
                         arrival time                          -8.440    
  -------------------------------------------------------------------
                         slack                                  0.187    

Slack (MET) :             0.195ns  (required time - arrival time)
  Source:                 riscv_cpu_inst/EXMEM_reg_inst/ex_mem_reg_wr_idx_reg[4]/C
                            (rising edge-triggered cell FDRE clocked by clk_cpu_clk_wiz_sys_1  {rise@0.000ns fall@5.000ns period=10.000ns})
  Destination:            riscv_cpu_inst/branch_target_pc_r_reg[18]/CE
                            (rising edge-triggered cell FDRE clocked by clk_cpu_clk_wiz_sys_1  {rise@0.000ns fall@5.000ns period=10.000ns})
  Path Group:             clk_cpu_clk_wiz_sys_1
  Path Type:              Setup (Max at Slow Process Corner)
  Requirement:            10.000ns  (clk_cpu_clk_wiz_sys_1 rise@10.000ns - clk_cpu_clk_wiz_sys_1 rise@0.000ns)
  Data Path Delay:        9.511ns  (logic 3.386ns (35.603%)  route 6.125ns (64.397%))
  Logic Levels:           18  (CARRY4=5 LUT2=2 LUT3=1 LUT4=3 LUT5=2 LUT6=4 MUXF7=1)
  Clock Path Skew:        -0.053ns (DCD - SCD + CPR)
    Destination Clock Delay (DCD):    -1.599ns = ( 8.401 - 10.000 ) 
    Source Clock Delay      (SCD):    -1.078ns
    Clock Pessimism Removal (CPR):    0.469ns
  Clock Uncertainty:      0.074ns  ((TSJ^2 + DJ^2)^1/2) / 2 + PE
    Total System Jitter     (TSJ):    0.071ns
    Discrete Jitter          (DJ):    0.129ns
    Phase Error              (PE):    0.000ns

    Location             Delay type                Incr(ns)  Path(ns)    Netlist Resource(s)
  -------------------------------------------------------------------    -------------------
                         (clock clk_cpu_clk_wiz_sys_1 rise edge)
                                                      0.000     0.000 r  
    Y22                                               0.000     0.000 r  CLK_FPGA (IN)
                         net (fo=0)                   0.000     0.000    clk_wiz_sys_inst/inst/clk_in1
    Y22                  IBUF (Prop_ibuf_I_O)         0.920     0.920 r  clk_wiz_sys_inst/inst/clkin1_ibufg/O
                         net (fo=1, routed)           1.065     1.986    clk_wiz_sys_inst/inst/clk_in1_clk_wiz_sys
    MMCME2_ADV_X0Y0      MMCME2_ADV (Prop_mmcme2_adv_CLKIN1_CLKOUT0)
                                                     -6.238    -4.252 r  clk_wiz_sys_inst/inst/mmcm_adv_inst/CLKOUT0
                         net (fo=1, routed)           1.714    -2.538    clk_wiz_sys_inst/inst/clk_cpu_clk_wiz_sys
    BUFGCTRL_X0Y0        BUFG (Prop_bufg_I_O)         0.081    -2.457 r  clk_wiz_sys_inst/inst/clkout1_buf/O
                         net (fo=1963, routed)        1.380    -1.078    riscv_cpu_inst/EXMEM_reg_inst/clk_cpu
    SLICE_X40Y55         FDRE                                         r  riscv_cpu_inst/EXMEM_reg_inst/ex_mem_reg_wr_idx_reg[4]/C
  -------------------------------------------------------------------    -------------------
    SLICE_X40Y55         FDRE (Prop_fdre_C_Q)         0.348    -0.730 f  riscv_cpu_inst/EXMEM_reg_inst/ex_mem_reg_wr_idx_reg[4]/Q
                         net (fo=5, routed)           0.692    -0.037    riscv_cpu_inst/EXMEM_reg_inst/ex_mem_reg_wr_idx_reg[4]_0[4]
    SLICE_X40Y53         LUT6 (Prop_lut6_I3_O)        0.242     0.205 f  riscv_cpu_inst/EXMEM_reg_inst/ex_mem_reg_rd_dout_2[31]_i_5/O
                         net (fo=2, routed)           0.240     0.445    riscv_cpu_inst/EXMEM_reg_inst/riscv_hazard_unit_inst/p_7_in
    SLICE_X40Y54         LUT6 (Prop_lut6_I0_O)        0.105     0.550 f  riscv_cpu_inst/EXMEM_reg_inst/ex_mem_reg_rd_dout_2[31]_i_2/O
                         net (fo=34, routed)          0.578     1.128    riscv_cpu_inst/EXMEM_reg_inst/forward_b12_out
    SLICE_X40Y54         LUT2 (Prop_lut2_I0_O)        0.124     1.252 f  riscv_cpu_inst/EXMEM_reg_inst/ex_mem_reg_rd_dout_2[31]_i_3/O
                         net (fo=28, routed)          0.619     1.871    riscv_cpu_inst/EXMEM_reg_inst/ex_mem_reg_rd_dout_2[31]_i_3_n_0
    SLICE_X40Y55         LUT6 (Prop_lut6_I3_O)        0.274     2.145 r  riscv_cpu_inst/EXMEM_reg_inst/ex_mem_reg_rd_dout_2[8]_i_1/O
                         net (fo=2, routed)           0.518     2.663    riscv_cpu_inst/IDEX_reg_inst/D[8]
    SLICE_X46Y52         LUT3 (Prop_lut3_I1_O)        0.105     2.768 r  riscv_cpu_inst/IDEX_reg_inst/ex_mem_alu_data_out[8]_i_7/O
                         net (fo=8, routed)           0.558     3.325    riscv_cpu_inst/IDEX_reg_inst/alu_operand_b[8]
    SLICE_X49Y56         LUT2 (Prop_lut2_I1_O)        0.105     3.430 r  riscv_cpu_inst/IDEX_reg_inst/ex_mem_alu_data_out[11]_i_21/O
                         net (fo=1, routed)           0.000     3.430    riscv_cpu_inst/IDEX_reg_inst/ex_mem_alu_data_out[11]_i_21_n_0
    SLICE_X49Y56         CARRY4 (Prop_carry4_S[0]_CO[3])
                                                      0.440     3.870 r  riscv_cpu_inst/IDEX_reg_inst/ex_mem_alu_data_out_reg[11]_i_12/CO[3]
                         net (fo=1, routed)           0.000     3.870    riscv_cpu_inst/IDEX_reg_inst/ex_mem_alu_data_out_reg[11]_i_12_n_0
    SLICE_X49Y57         CARRY4 (Prop_carry4_CI_CO[3])
                                                      0.098     3.968 r  riscv_cpu_inst/IDEX_reg_inst/ex_mem_alu_data_out_reg[15]_i_12/CO[3]
                         net (fo=1, routed)           0.000     3.968    riscv_cpu_inst/IDEX_reg_inst/ex_mem_alu_data_out_reg[15]_i_12_n_0
    SLICE_X49Y58         CARRY4 (Prop_carry4_CI_CO[3])
                                                      0.098     4.066 r  riscv_cpu_inst/IDEX_reg_inst/ex_mem_alu_data_out_reg[19]_i_12/CO[3]
                         net (fo=1, routed)           0.000     4.066    riscv_cpu_inst/IDEX_reg_inst/ex_mem_alu_data_out_reg[19]_i_12_n_0
    SLICE_X49Y59         CARRY4 (Prop_carry4_CI_CO[3])
                                                      0.098     4.164 r  riscv_cpu_inst/IDEX_reg_inst/ex_mem_alu_data_out_reg[23]_i_12/CO[3]
                         net (fo=1, routed)           0.000     4.164    riscv_cpu_inst/IDEX_reg_inst/ex_mem_alu_data_out_reg[23]_i_12_n_0
    SLICE_X49Y60         CARRY4 (Prop_carry4_CI_O[1])
                                                      0.265     4.429 f  riscv_cpu_inst/IDEX_reg_inst/ex_mem_alu_data_out_reg[27]_i_12/O[1]
                         net (fo=1, routed)           0.592     5.021    riscv_cpu_inst/IDEX_reg_inst/riscv_alu_inst/data0[25]
    SLICE_X42Y60         LUT4 (Prop_lut4_I0_O)        0.250     5.271 f  riscv_cpu_inst/IDEX_reg_inst/ex_mem_alu_data_out[25]_i_6/O
                         net (fo=1, routed)           0.446     5.718    riscv_cpu_inst/IDEX_reg_inst/ex_mem_alu_data_out[25]_i_6_n_0
    SLICE_X42Y59         LUT5 (Prop_lut5_I4_O)        0.105     5.823 f  riscv_cpu_inst/IDEX_reg_inst/ex_mem_alu_data_out[25]_i_2/O
                         net (fo=1, routed)           0.000     5.823    riscv_cpu_inst/IDEX_reg_inst/ex_mem_alu_data_out[25]_i_2_n_0
    SLICE_X42Y59         MUXF7 (Prop_muxf7_I0_O)      0.173     5.996 f  riscv_cpu_inst/IDEX_reg_inst/ex_mem_alu_data_out_reg[25]_i_1/O
                         net (fo=3, routed)           0.677     6.672    riscv_cpu_inst/IDEX_reg_inst/alu_data_out[25]
    SLICE_X43Y60         LUT4 (Prop_lut4_I0_O)        0.241     6.913 f  riscv_cpu_inst/IDEX_reg_inst/branch_target_pc_r[31]_i_20/O
                         net (fo=2, routed)           0.356     7.269    riscv_cpu_inst/IDEX_reg_inst/branch_target_pc_r[31]_i_20_n_0
    SLICE_X44Y61         LUT5 (Prop_lut5_I4_O)        0.105     7.374 r  riscv_cpu_inst/IDEX_reg_inst/branch_target_pc_r[31]_i_12/O
                         net (fo=1, routed)           0.237     7.611    riscv_cpu_inst/IDEX_reg_inst/branch_target_pc_r[31]_i_12_n_0
    SLICE_X47Y61         LUT4 (Prop_lut4_I1_O)        0.105     7.716 r  riscv_cpu_inst/IDEX_reg_inst/branch_target_pc_r[31]_i_5/O
                         net (fo=1, routed)           0.113     7.829    riscv_cpu_inst/IDEX_reg_inst/alu_zero_flag
    SLICE_X47Y61         LUT6 (Prop_lut6_I3_O)        0.105     7.934 r  riscv_cpu_inst/IDEX_reg_inst/branch_target_pc_r[31]_i_1/O
                         net (fo=32, routed)          0.499     8.433    riscv_cpu_inst/branch_taken_ex
    SLICE_X48Y62         FDRE                                         r  riscv_cpu_inst/branch_target_pc_r_reg[18]/CE
  -------------------------------------------------------------------    -------------------

                         (clock clk_cpu_clk_wiz_sys_1 rise edge)
                                                     10.000    10.000 r  
    Y22                                               0.000    10.000 r  CLK_FPGA (IN)
                         net (fo=0)                   0.000    10.000    clk_wiz_sys_inst/inst/clk_in1
    Y22                  IBUF (Prop_ibuf_I_O)         0.789    10.789 r  clk_wiz_sys_inst/inst/clkin1_ibufg/O
                         net (fo=1, routed)           1.004    11.793    clk_wiz_sys_inst/inst/clk_in1_clk_wiz_sys
    MMCME2_ADV_X0Y0      MMCME2_ADV (Prop_mmcme2_adv_CLKIN1_CLKOUT0)
                                                     -6.363     5.430 r  clk_wiz_sys_inst/inst/mmcm_adv_inst/CLKOUT0
                         net (fo=1, routed)           1.633     7.063    clk_wiz_sys_inst/inst/clk_cpu_clk_wiz_sys
    BUFGCTRL_X0Y0        BUFG (Prop_bufg_I_O)         0.077     7.140 r  clk_wiz_sys_inst/inst/clkout1_buf/O
                         net (fo=1963, routed)        1.261     8.401    riscv_cpu_inst/clk_cpu
    SLICE_X48Y62         FDRE                                         r  riscv_cpu_inst/branch_target_pc_r_reg[18]/C
                         clock pessimism              0.469     8.869    
                         clock uncertainty           -0.074     8.796    
    SLICE_X48Y62         FDRE (Setup_fdre_C_CE)      -0.168     8.628    riscv_cpu_inst/branch_target_pc_r_reg[18]
  -------------------------------------------------------------------
                         required time                          8.628    
                         arrival time                          -8.433    
  -------------------------------------------------------------------
                         slack                                  0.195    

Slack (MET) :             0.195ns  (required time - arrival time)
  Source:                 riscv_cpu_inst/EXMEM_reg_inst/ex_mem_reg_wr_idx_reg[4]/C
                            (rising edge-triggered cell FDRE clocked by clk_cpu_clk_wiz_sys_1  {rise@0.000ns fall@5.000ns period=10.000ns})
  Destination:            riscv_cpu_inst/branch_target_pc_r_reg[31]/CE
                            (rising edge-triggered cell FDRE clocked by clk_cpu_clk_wiz_sys_1  {rise@0.000ns fall@5.000ns period=10.000ns})
  Path Group:             clk_cpu_clk_wiz_sys_1
  Path Type:              Setup (Max at Slow Process Corner)
  Requirement:            10.000ns  (clk_cpu_clk_wiz_sys_1 rise@10.000ns - clk_cpu_clk_wiz_sys_1 rise@0.000ns)
  Data Path Delay:        9.511ns  (logic 3.386ns (35.603%)  route 6.125ns (64.397%))
  Logic Levels:           18  (CARRY4=5 LUT2=2 LUT3=1 LUT4=3 LUT5=2 LUT6=4 MUXF7=1)
  Clock Path Skew:        -0.053ns (DCD - SCD + CPR)
    Destination Clock Delay (DCD):    -1.599ns = ( 8.401 - 10.000 ) 
    Source Clock Delay      (SCD):    -1.078ns
    Clock Pessimism Removal (CPR):    0.469ns
  Clock Uncertainty:      0.074ns  ((TSJ^2 + DJ^2)^1/2) / 2 + PE
    Total System Jitter     (TSJ):    0.071ns
    Discrete Jitter          (DJ):    0.129ns
    Phase Error              (PE):    0.000ns

    Location             Delay type                Incr(ns)  Path(ns)    Netlist Resource(s)
  -------------------------------------------------------------------    -------------------
                         (clock clk_cpu_clk_wiz_sys_1 rise edge)
                                                      0.000     0.000 r  
    Y22                                               0.000     0.000 r  CLK_FPGA (IN)
                         net (fo=0)                   0.000     0.000    clk_wiz_sys_inst/inst/clk_in1
    Y22                  IBUF (Prop_ibuf_I_O)         0.920     0.920 r  clk_wiz_sys_inst/inst/clkin1_ibufg/O
                         net (fo=1, routed)           1.065     1.986    clk_wiz_sys_inst/inst/clk_in1_clk_wiz_sys
    MMCME2_ADV_X0Y0      MMCME2_ADV (Prop_mmcme2_adv_CLKIN1_CLKOUT0)
                                                     -6.238    -4.252 r  clk_wiz_sys_inst/inst/mmcm_adv_inst/CLKOUT0
                         net (fo=1, routed)           1.714    -2.538    clk_wiz_sys_inst/inst/clk_cpu_clk_wiz_sys
    BUFGCTRL_X0Y0        BUFG (Prop_bufg_I_O)         0.081    -2.457 r  clk_wiz_sys_inst/inst/clkout1_buf/O
                         net (fo=1963, routed)        1.380    -1.078    riscv_cpu_inst/EXMEM_reg_inst/clk_cpu
    SLICE_X40Y55         FDRE                                         r  riscv_cpu_inst/EXMEM_reg_inst/ex_mem_reg_wr_idx_reg[4]/C
  -------------------------------------------------------------------    -------------------
    SLICE_X40Y55         FDRE (Prop_fdre_C_Q)         0.348    -0.730 f  riscv_cpu_inst/EXMEM_reg_inst/ex_mem_reg_wr_idx_reg[4]/Q
                         net (fo=5, routed)           0.692    -0.037    riscv_cpu_inst/EXMEM_reg_inst/ex_mem_reg_wr_idx_reg[4]_0[4]
    SLICE_X40Y53         LUT6 (Prop_lut6_I3_O)        0.242     0.205 f  riscv_cpu_inst/EXMEM_reg_inst/ex_mem_reg_rd_dout_2[31]_i_5/O
                         net (fo=2, routed)           0.240     0.445    riscv_cpu_inst/EXMEM_reg_inst/riscv_hazard_unit_inst/p_7_in
    SLICE_X40Y54         LUT6 (Prop_lut6_I0_O)        0.105     0.550 f  riscv_cpu_inst/EXMEM_reg_inst/ex_mem_reg_rd_dout_2[31]_i_2/O
                         net (fo=34, routed)          0.578     1.128    riscv_cpu_inst/EXMEM_reg_inst/forward_b12_out
    SLICE_X40Y54         LUT2 (Prop_lut2_I0_O)        0.124     1.252 f  riscv_cpu_inst/EXMEM_reg_inst/ex_mem_reg_rd_dout_2[31]_i_3/O
                         net (fo=28, routed)          0.619     1.871    riscv_cpu_inst/EXMEM_reg_inst/ex_mem_reg_rd_dout_2[31]_i_3_n_0
    SLICE_X40Y55         LUT6 (Prop_lut6_I3_O)        0.274     2.145 r  riscv_cpu_inst/EXMEM_reg_inst/ex_mem_reg_rd_dout_2[8]_i_1/O
                         net (fo=2, routed)           0.518     2.663    riscv_cpu_inst/IDEX_reg_inst/D[8]
    SLICE_X46Y52         LUT3 (Prop_lut3_I1_O)        0.105     2.768 r  riscv_cpu_inst/IDEX_reg_inst/ex_mem_alu_data_out[8]_i_7/O
                         net (fo=8, routed)           0.558     3.325    riscv_cpu_inst/IDEX_reg_inst/alu_operand_b[8]
    SLICE_X49Y56         LUT2 (Prop_lut2_I1_O)        0.105     3.430 r  riscv_cpu_inst/IDEX_reg_inst/ex_mem_alu_data_out[11]_i_21/O
                         net (fo=1, routed)           0.000     3.430    riscv_cpu_inst/IDEX_reg_inst/ex_mem_alu_data_out[11]_i_21_n_0
    SLICE_X49Y56         CARRY4 (Prop_carry4_S[0]_CO[3])
                                                      0.440     3.870 r  riscv_cpu_inst/IDEX_reg_inst/ex_mem_alu_data_out_reg[11]_i_12/CO[3]
                         net (fo=1, routed)           0.000     3.870    riscv_cpu_inst/IDEX_reg_inst/ex_mem_alu_data_out_reg[11]_i_12_n_0
    SLICE_X49Y57         CARRY4 (Prop_carry4_CI_CO[3])
                                                      0.098     3.968 r  riscv_cpu_inst/IDEX_reg_inst/ex_mem_alu_data_out_reg[15]_i_12/CO[3]
                         net (fo=1, routed)           0.000     3.968    riscv_cpu_inst/IDEX_reg_inst/ex_mem_alu_data_out_reg[15]_i_12_n_0
    SLICE_X49Y58         CARRY4 (Prop_carry4_CI_CO[3])
                                                      0.098     4.066 r  riscv_cpu_inst/IDEX_reg_inst/ex_mem_alu_data_out_reg[19]_i_12/CO[3]
                         net (fo=1, routed)           0.000     4.066    riscv_cpu_inst/IDEX_reg_inst/ex_mem_alu_data_out_reg[19]_i_12_n_0
    SLICE_X49Y59         CARRY4 (Prop_carry4_CI_CO[3])
                                                      0.098     4.164 r  riscv_cpu_inst/IDEX_reg_inst/ex_mem_alu_data_out_reg[23]_i_12/CO[3]
                         net (fo=1, routed)           0.000     4.164    riscv_cpu_inst/IDEX_reg_inst/ex_mem_alu_data_out_reg[23]_i_12_n_0
    SLICE_X49Y60         CARRY4 (Prop_carry4_CI_O[1])
                                                      0.265     4.429 f  riscv_cpu_inst/IDEX_reg_inst/ex_mem_alu_data_out_reg[27]_i_12/O[1]
                         net (fo=1, routed)           0.592     5.021    riscv_cpu_inst/IDEX_reg_inst/riscv_alu_inst/data0[25]
    SLICE_X42Y60         LUT4 (Prop_lut4_I0_O)        0.250     5.271 f  riscv_cpu_inst/IDEX_reg_inst/ex_mem_alu_data_out[25]_i_6/O
                         net (fo=1, routed)           0.446     5.718    riscv_cpu_inst/IDEX_reg_inst/ex_mem_alu_data_out[25]_i_6_n_0
    SLICE_X42Y59         LUT5 (Prop_lut5_I4_O)        0.105     5.823 f  riscv_cpu_inst/IDEX_reg_inst/ex_mem_alu_data_out[25]_i_2/O
                         net (fo=1, routed)           0.000     5.823    riscv_cpu_inst/IDEX_reg_inst/ex_mem_alu_data_out[25]_i_2_n_0
    SLICE_X42Y59         MUXF7 (Prop_muxf7_I0_O)      0.173     5.996 f  riscv_cpu_inst/IDEX_reg_inst/ex_mem_alu_data_out_reg[25]_i_1/O
                         net (fo=3, routed)           0.677     6.672    riscv_cpu_inst/IDEX_reg_inst/alu_data_out[25]
    SLICE_X43Y60         LUT4 (Prop_lut4_I0_O)        0.241     6.913 f  riscv_cpu_inst/IDEX_reg_inst/branch_target_pc_r[31]_i_20/O
                         net (fo=2, routed)           0.356     7.269    riscv_cpu_inst/IDEX_reg_inst/branch_target_pc_r[31]_i_20_n_0
    SLICE_X44Y61         LUT5 (Prop_lut5_I4_O)        0.105     7.374 r  riscv_cpu_inst/IDEX_reg_inst/branch_target_pc_r[31]_i_12/O
                         net (fo=1, routed)           0.237     7.611    riscv_cpu_inst/IDEX_reg_inst/branch_target_pc_r[31]_i_12_n_0
    SLICE_X47Y61         LUT4 (Prop_lut4_I1_O)        0.105     7.716 r  riscv_cpu_inst/IDEX_reg_inst/branch_target_pc_r[31]_i_5/O
                         net (fo=1, routed)           0.113     7.829    riscv_cpu_inst/IDEX_reg_inst/alu_zero_flag
    SLICE_X47Y61         LUT6 (Prop_lut6_I3_O)        0.105     7.934 r  riscv_cpu_inst/IDEX_reg_inst/branch_target_pc_r[31]_i_1/O
                         net (fo=32, routed)          0.499     8.433    riscv_cpu_inst/branch_taken_ex
    SLICE_X48Y62         FDRE                                         r  riscv_cpu_inst/branch_target_pc_r_reg[31]/CE
  -------------------------------------------------------------------    -------------------

                         (clock clk_cpu_clk_wiz_sys_1 rise edge)
                                                     10.000    10.000 r  
    Y22                                               0.000    10.000 r  CLK_FPGA (IN)
                         net (fo=0)                   0.000    10.000    clk_wiz_sys_inst/inst/clk_in1
    Y22                  IBUF (Prop_ibuf_I_O)         0.789    10.789 r  clk_wiz_sys_inst/inst/clkin1_ibufg/O
                         net (fo=1, routed)           1.004    11.793    clk_wiz_sys_inst/inst/clk_in1_clk_wiz_sys
    MMCME2_ADV_X0Y0      MMCME2_ADV (Prop_mmcme2_adv_CLKIN1_CLKOUT0)
                                                     -6.363     5.430 r  clk_wiz_sys_inst/inst/mmcm_adv_inst/CLKOUT0
                         net (fo=1, routed)           1.633     7.063    clk_wiz_sys_inst/inst/clk_cpu_clk_wiz_sys
    BUFGCTRL_X0Y0        BUFG (Prop_bufg_I_O)         0.077     7.140 r  clk_wiz_sys_inst/inst/clkout1_buf/O
                         net (fo=1963, routed)        1.261     8.401    riscv_cpu_inst/clk_cpu
    SLICE_X48Y62         FDRE                                         r  riscv_cpu_inst/branch_target_pc_r_reg[31]/C
                         clock pessimism              0.469     8.869    
                         clock uncertainty           -0.074     8.796    
    SLICE_X48Y62         FDRE (Setup_fdre_C_CE)      -0.168     8.628    riscv_cpu_inst/branch_target_pc_r_reg[31]
  -------------------------------------------------------------------
                         required time                          8.628    
                         arrival time                          -8.433    
  -------------------------------------------------------------------
                         slack                                  0.195    

Slack (MET) :             0.202ns  (required time - arrival time)
  Source:                 riscv_cpu_inst/EXMEM_reg_inst/ex_mem_reg_wr_idx_reg[4]/C
                            (rising edge-triggered cell FDRE clocked by clk_cpu_clk_wiz_sys_1  {rise@0.000ns fall@5.000ns period=10.000ns})
  Destination:            riscv_cpu_inst/branch_target_pc_r_reg[12]/CE
                            (rising edge-triggered cell FDRE clocked by clk_cpu_clk_wiz_sys_1  {rise@0.000ns fall@5.000ns period=10.000ns})
  Path Group:             clk_cpu_clk_wiz_sys_1
  Path Type:              Setup (Max at Slow Process Corner)
  Requirement:            10.000ns  (clk_cpu_clk_wiz_sys_1 rise@10.000ns - clk_cpu_clk_wiz_sys_1 rise@0.000ns)
  Data Path Delay:        9.504ns  (logic 3.386ns (35.629%)  route 6.118ns (64.371%))
  Logic Levels:           18  (CARRY4=5 LUT2=2 LUT3=1 LUT4=3 LUT5=2 LUT6=4 MUXF7=1)
  Clock Path Skew:        -0.053ns (DCD - SCD + CPR)
    Destination Clock Delay (DCD):    -1.599ns = ( 8.401 - 10.000 ) 
    Source Clock Delay      (SCD):    -1.078ns
    Clock Pessimism Removal (CPR):    0.469ns
  Clock Uncertainty:      0.074ns  ((TSJ^2 + DJ^2)^1/2) / 2 + PE
    Total System Jitter     (TSJ):    0.071ns
    Discrete Jitter          (DJ):    0.129ns
    Phase Error              (PE):    0.000ns

    Location             Delay type                Incr(ns)  Path(ns)    Netlist Resource(s)
  -------------------------------------------------------------------    -------------------
                         (clock clk_cpu_clk_wiz_sys_1 rise edge)
                                                      0.000     0.000 r  
    Y22                                               0.000     0.000 r  CLK_FPGA (IN)
                         net (fo=0)                   0.000     0.000    clk_wiz_sys_inst/inst/clk_in1
    Y22                  IBUF (Prop_ibuf_I_O)         0.920     0.920 r  clk_wiz_sys_inst/inst/clkin1_ibufg/O
                         net (fo=1, routed)           1.065     1.986    clk_wiz_sys_inst/inst/clk_in1_clk_wiz_sys
    MMCME2_ADV_X0Y0      MMCME2_ADV (Prop_mmcme2_adv_CLKIN1_CLKOUT0)
                                                     -6.238    -4.252 r  clk_wiz_sys_inst/inst/mmcm_adv_inst/CLKOUT0
                         net (fo=1, routed)           1.714    -2.538    clk_wiz_sys_inst/inst/clk_cpu_clk_wiz_sys
    BUFGCTRL_X0Y0        BUFG (Prop_bufg_I_O)         0.081    -2.457 r  clk_wiz_sys_inst/inst/clkout1_buf/O
                         net (fo=1963, routed)        1.380    -1.078    riscv_cpu_inst/EXMEM_reg_inst/clk_cpu
    SLICE_X40Y55         FDRE                                         r  riscv_cpu_inst/EXMEM_reg_inst/ex_mem_reg_wr_idx_reg[4]/C
  -------------------------------------------------------------------    -------------------
    SLICE_X40Y55         FDRE (Prop_fdre_C_Q)         0.348    -0.730 f  riscv_cpu_inst/EXMEM_reg_inst/ex_mem_reg_wr_idx_reg[4]/Q
                         net (fo=5, routed)           0.692    -0.037    riscv_cpu_inst/EXMEM_reg_inst/ex_mem_reg_wr_idx_reg[4]_0[4]
    SLICE_X40Y53         LUT6 (Prop_lut6_I3_O)        0.242     0.205 f  riscv_cpu_inst/EXMEM_reg_inst/ex_mem_reg_rd_dout_2[31]_i_5/O
                         net (fo=2, routed)           0.240     0.445    riscv_cpu_inst/EXMEM_reg_inst/riscv_hazard_unit_inst/p_7_in
    SLICE_X40Y54         LUT6 (Prop_lut6_I0_O)        0.105     0.550 f  riscv_cpu_inst/EXMEM_reg_inst/ex_mem_reg_rd_dout_2[31]_i_2/O
                         net (fo=34, routed)          0.578     1.128    riscv_cpu_inst/EXMEM_reg_inst/forward_b12_out
    SLICE_X40Y54         LUT2 (Prop_lut2_I0_O)        0.124     1.252 f  riscv_cpu_inst/EXMEM_reg_inst/ex_mem_reg_rd_dout_2[31]_i_3/O
                         net (fo=28, routed)          0.619     1.871    riscv_cpu_inst/EXMEM_reg_inst/ex_mem_reg_rd_dout_2[31]_i_3_n_0
    SLICE_X40Y55         LUT6 (Prop_lut6_I3_O)        0.274     2.145 r  riscv_cpu_inst/EXMEM_reg_inst/ex_mem_reg_rd_dout_2[8]_i_1/O
                         net (fo=2, routed)           0.518     2.663    riscv_cpu_inst/IDEX_reg_inst/D[8]
    SLICE_X46Y52         LUT3 (Prop_lut3_I1_O)        0.105     2.768 r  riscv_cpu_inst/IDEX_reg_inst/ex_mem_alu_data_out[8]_i_7/O
                         net (fo=8, routed)           0.558     3.325    riscv_cpu_inst/IDEX_reg_inst/alu_operand_b[8]
    SLICE_X49Y56         LUT2 (Prop_lut2_I1_O)        0.105     3.430 r  riscv_cpu_inst/IDEX_reg_inst/ex_mem_alu_data_out[11]_i_21/O
                         net (fo=1, routed)           0.000     3.430    riscv_cpu_inst/IDEX_reg_inst/ex_mem_alu_data_out[11]_i_21_n_0
    SLICE_X49Y56         CARRY4 (Prop_carry4_S[0]_CO[3])
                                                      0.440     3.870 r  riscv_cpu_inst/IDEX_reg_inst/ex_mem_alu_data_out_reg[11]_i_12/CO[3]
                         net (fo=1, routed)           0.000     3.870    riscv_cpu_inst/IDEX_reg_inst/ex_mem_alu_data_out_reg[11]_i_12_n_0
    SLICE_X49Y57         CARRY4 (Prop_carry4_CI_CO[3])
                                                      0.098     3.968 r  riscv_cpu_inst/IDEX_reg_inst/ex_mem_alu_data_out_reg[15]_i_12/CO[3]
                         net (fo=1, routed)           0.000     3.968    riscv_cpu_inst/IDEX_reg_inst/ex_mem_alu_data_out_reg[15]_i_12_n_0
    SLICE_X49Y58         CARRY4 (Prop_carry4_CI_CO[3])
                                                      0.098     4.066 r  riscv_cpu_inst/IDEX_reg_inst/ex_mem_alu_data_out_reg[19]_i_12/CO[3]
                         net (fo=1, routed)           0.000     4.066    riscv_cpu_inst/IDEX_reg_inst/ex_mem_alu_data_out_reg[19]_i_12_n_0
    SLICE_X49Y59         CARRY4 (Prop_carry4_CI_CO[3])
                                                      0.098     4.164 r  riscv_cpu_inst/IDEX_reg_inst/ex_mem_alu_data_out_reg[23]_i_12/CO[3]
                         net (fo=1, routed)           0.000     4.164    riscv_cpu_inst/IDEX_reg_inst/ex_mem_alu_data_out_reg[23]_i_12_n_0
    SLICE_X49Y60         CARRY4 (Prop_carry4_CI_O[1])
                                                      0.265     4.429 f  riscv_cpu_inst/IDEX_reg_inst/ex_mem_alu_data_out_reg[27]_i_12/O[1]
                         net (fo=1, routed)           0.592     5.021    riscv_cpu_inst/IDEX_reg_inst/riscv_alu_inst/data0[25]
    SLICE_X42Y60         LUT4 (Prop_lut4_I0_O)        0.250     5.271 f  riscv_cpu_inst/IDEX_reg_inst/ex_mem_alu_data_out[25]_i_6/O
                         net (fo=1, routed)           0.446     5.718    riscv_cpu_inst/IDEX_reg_inst/ex_mem_alu_data_out[25]_i_6_n_0
    SLICE_X42Y59         LUT5 (Prop_lut5_I4_O)        0.105     5.823 f  riscv_cpu_inst/IDEX_reg_inst/ex_mem_alu_data_out[25]_i_2/O
                         net (fo=1, routed)           0.000     5.823    riscv_cpu_inst/IDEX_reg_inst/ex_mem_alu_data_out[25]_i_2_n_0
    SLICE_X42Y59         MUXF7 (Prop_muxf7_I0_O)      0.173     5.996 f  riscv_cpu_inst/IDEX_reg_inst/ex_mem_alu_data_out_reg[25]_i_1/O
                         net (fo=3, routed)           0.677     6.672    riscv_cpu_inst/IDEX_reg_inst/alu_data_out[25]
    SLICE_X43Y60         LUT4 (Prop_lut4_I0_O)        0.241     6.913 f  riscv_cpu_inst/IDEX_reg_inst/branch_target_pc_r[31]_i_20/O
                         net (fo=2, routed)           0.356     7.269    riscv_cpu_inst/IDEX_reg_inst/branch_target_pc_r[31]_i_20_n_0
    SLICE_X44Y61         LUT5 (Prop_lut5_I4_O)        0.105     7.374 r  riscv_cpu_inst/IDEX_reg_inst/branch_target_pc_r[31]_i_12/O
                         net (fo=1, routed)           0.237     7.611    riscv_cpu_inst/IDEX_reg_inst/branch_target_pc_r[31]_i_12_n_0
    SLICE_X47Y61         LUT4 (Prop_lut4_I1_O)        0.105     7.716 r  riscv_cpu_inst/IDEX_reg_inst/branch_target_pc_r[31]_i_5/O
                         net (fo=1, routed)           0.113     7.829    riscv_cpu_inst/IDEX_reg_inst/alu_zero_flag
    SLICE_X47Y61         LUT6 (Prop_lut6_I3_O)        0.105     7.934 r  riscv_cpu_inst/IDEX_reg_inst/branch_target_pc_r[31]_i_1/O
                         net (fo=32, routed)          0.492     8.426    riscv_cpu_inst/branch_taken_ex
    SLICE_X51Y58         FDRE                                         r  riscv_cpu_inst/branch_target_pc_r_reg[12]/CE
  -------------------------------------------------------------------    -------------------

                         (clock clk_cpu_clk_wiz_sys_1 rise edge)
                                                     10.000    10.000 r  
    Y22                                               0.000    10.000 r  CLK_FPGA (IN)
                         net (fo=0)                   0.000    10.000    clk_wiz_sys_inst/inst/clk_in1
    Y22                  IBUF (Prop_ibuf_I_O)         0.789    10.789 r  clk_wiz_sys_inst/inst/clkin1_ibufg/O
                         net (fo=1, routed)           1.004    11.793    clk_wiz_sys_inst/inst/clk_in1_clk_wiz_sys
    MMCME2_ADV_X0Y0      MMCME2_ADV (Prop_mmcme2_adv_CLKIN1_CLKOUT0)
                                                     -6.363     5.430 r  clk_wiz_sys_inst/inst/mmcm_adv_inst/CLKOUT0
                         net (fo=1, routed)           1.633     7.063    clk_wiz_sys_inst/inst/clk_cpu_clk_wiz_sys
    BUFGCTRL_X0Y0        BUFG (Prop_bufg_I_O)         0.077     7.140 r  clk_wiz_sys_inst/inst/clkout1_buf/O
                         net (fo=1963, routed)        1.261     8.401    riscv_cpu_inst/clk_cpu
    SLICE_X51Y58         FDRE                                         r  riscv_cpu_inst/branch_target_pc_r_reg[12]/C
                         clock pessimism              0.469     8.869    
                         clock uncertainty           -0.074     8.796    
    SLICE_X51Y58         FDRE (Setup_fdre_C_CE)      -0.168     8.628    riscv_cpu_inst/branch_target_pc_r_reg[12]
  -------------------------------------------------------------------
                         required time                          8.628    
                         arrival time                          -8.426    
  -------------------------------------------------------------------
                         slack                                  0.202    

Slack (MET) :             0.202ns  (required time - arrival time)
  Source:                 riscv_cpu_inst/EXMEM_reg_inst/ex_mem_reg_wr_idx_reg[4]/C
                            (rising edge-triggered cell FDRE clocked by clk_cpu_clk_wiz_sys_1  {rise@0.000ns fall@5.000ns period=10.000ns})
  Destination:            riscv_cpu_inst/branch_target_pc_r_reg[13]/CE
                            (rising edge-triggered cell FDRE clocked by clk_cpu_clk_wiz_sys_1  {rise@0.000ns fall@5.000ns period=10.000ns})
  Path Group:             clk_cpu_clk_wiz_sys_1
  Path Type:              Setup (Max at Slow Process Corner)
  Requirement:            10.000ns  (clk_cpu_clk_wiz_sys_1 rise@10.000ns - clk_cpu_clk_wiz_sys_1 rise@0.000ns)
  Data Path Delay:        9.504ns  (logic 3.386ns (35.629%)  route 6.118ns (64.371%))
  Logic Levels:           18  (CARRY4=5 LUT2=2 LUT3=1 LUT4=3 LUT5=2 LUT6=4 MUXF7=1)
  Clock Path Skew:        -0.053ns (DCD - SCD + CPR)
    Destination Clock Delay (DCD):    -1.599ns = ( 8.401 - 10.000 ) 
    Source Clock Delay      (SCD):    -1.078ns
    Clock Pessimism Removal (CPR):    0.469ns
  Clock Uncertainty:      0.074ns  ((TSJ^2 + DJ^2)^1/2) / 2 + PE
    Total System Jitter     (TSJ):    0.071ns
    Discrete Jitter          (DJ):    0.129ns
    Phase Error              (PE):    0.000ns

    Location             Delay type                Incr(ns)  Path(ns)    Netlist Resource(s)
  -------------------------------------------------------------------    -------------------
                         (clock clk_cpu_clk_wiz_sys_1 rise edge)
                                                      0.000     0.000 r  
    Y22                                               0.000     0.000 r  CLK_FPGA (IN)
                         net (fo=0)                   0.000     0.000    clk_wiz_sys_inst/inst/clk_in1
    Y22                  IBUF (Prop_ibuf_I_O)         0.920     0.920 r  clk_wiz_sys_inst/inst/clkin1_ibufg/O
                         net (fo=1, routed)           1.065     1.986    clk_wiz_sys_inst/inst/clk_in1_clk_wiz_sys
    MMCME2_ADV_X0Y0      MMCME2_ADV (Prop_mmcme2_adv_CLKIN1_CLKOUT0)
                                                     -6.238    -4.252 r  clk_wiz_sys_inst/inst/mmcm_adv_inst/CLKOUT0
                         net (fo=1, routed)           1.714    -2.538    clk_wiz_sys_inst/inst/clk_cpu_clk_wiz_sys
    BUFGCTRL_X0Y0        BUFG (Prop_bufg_I_O)         0.081    -2.457 r  clk_wiz_sys_inst/inst/clkout1_buf/O
                         net (fo=1963, routed)        1.380    -1.078    riscv_cpu_inst/EXMEM_reg_inst/clk_cpu
    SLICE_X40Y55         FDRE                                         r  riscv_cpu_inst/EXMEM_reg_inst/ex_mem_reg_wr_idx_reg[4]/C
  -------------------------------------------------------------------    -------------------
    SLICE_X40Y55         FDRE (Prop_fdre_C_Q)         0.348    -0.730 f  riscv_cpu_inst/EXMEM_reg_inst/ex_mem_reg_wr_idx_reg[4]/Q
                         net (fo=5, routed)           0.692    -0.037    riscv_cpu_inst/EXMEM_reg_inst/ex_mem_reg_wr_idx_reg[4]_0[4]
    SLICE_X40Y53         LUT6 (Prop_lut6_I3_O)        0.242     0.205 f  riscv_cpu_inst/EXMEM_reg_inst/ex_mem_reg_rd_dout_2[31]_i_5/O
                         net (fo=2, routed)           0.240     0.445    riscv_cpu_inst/EXMEM_reg_inst/riscv_hazard_unit_inst/p_7_in
    SLICE_X40Y54         LUT6 (Prop_lut6_I0_O)        0.105     0.550 f  riscv_cpu_inst/EXMEM_reg_inst/ex_mem_reg_rd_dout_2[31]_i_2/O
                         net (fo=34, routed)          0.578     1.128    riscv_cpu_inst/EXMEM_reg_inst/forward_b12_out
    SLICE_X40Y54         LUT2 (Prop_lut2_I0_O)        0.124     1.252 f  riscv_cpu_inst/EXMEM_reg_inst/ex_mem_reg_rd_dout_2[31]_i_3/O
                         net (fo=28, routed)          0.619     1.871    riscv_cpu_inst/EXMEM_reg_inst/ex_mem_reg_rd_dout_2[31]_i_3_n_0
    SLICE_X40Y55         LUT6 (Prop_lut6_I3_O)        0.274     2.145 r  riscv_cpu_inst/EXMEM_reg_inst/ex_mem_reg_rd_dout_2[8]_i_1/O
                         net (fo=2, routed)           0.518     2.663    riscv_cpu_inst/IDEX_reg_inst/D[8]
    SLICE_X46Y52         LUT3 (Prop_lut3_I1_O)        0.105     2.768 r  riscv_cpu_inst/IDEX_reg_inst/ex_mem_alu_data_out[8]_i_7/O
                         net (fo=8, routed)           0.558     3.325    riscv_cpu_inst/IDEX_reg_inst/alu_operand_b[8]
    SLICE_X49Y56         LUT2 (Prop_lut2_I1_O)        0.105     3.430 r  riscv_cpu_inst/IDEX_reg_inst/ex_mem_alu_data_out[11]_i_21/O
                         net (fo=1, routed)           0.000     3.430    riscv_cpu_inst/IDEX_reg_inst/ex_mem_alu_data_out[11]_i_21_n_0
    SLICE_X49Y56         CARRY4 (Prop_carry4_S[0]_CO[3])
                                                      0.440     3.870 r  riscv_cpu_inst/IDEX_reg_inst/ex_mem_alu_data_out_reg[11]_i_12/CO[3]
                         net (fo=1, routed)           0.000     3.870    riscv_cpu_inst/IDEX_reg_inst/ex_mem_alu_data_out_reg[11]_i_12_n_0
    SLICE_X49Y57         CARRY4 (Prop_carry4_CI_CO[3])
                                                      0.098     3.968 r  riscv_cpu_inst/IDEX_reg_inst/ex_mem_alu_data_out_reg[15]_i_12/CO[3]
                         net (fo=1, routed)           0.000     3.968    riscv_cpu_inst/IDEX_reg_inst/ex_mem_alu_data_out_reg[15]_i_12_n_0
    SLICE_X49Y58         CARRY4 (Prop_carry4_CI_CO[3])
                                                      0.098     4.066 r  riscv_cpu_inst/IDEX_reg_inst/ex_mem_alu_data_out_reg[19]_i_12/CO[3]
                         net (fo=1, routed)           0.000     4.066    riscv_cpu_inst/IDEX_reg_inst/ex_mem_alu_data_out_reg[19]_i_12_n_0
    SLICE_X49Y59         CARRY4 (Prop_carry4_CI_CO[3])
                                                      0.098     4.164 r  riscv_cpu_inst/IDEX_reg_inst/ex_mem_alu_data_out_reg[23]_i_12/CO[3]
                         net (fo=1, routed)           0.000     4.164    riscv_cpu_inst/IDEX_reg_inst/ex_mem_alu_data_out_reg[23]_i_12_n_0
    SLICE_X49Y60         CARRY4 (Prop_carry4_CI_O[1])
                                                      0.265     4.429 f  riscv_cpu_inst/IDEX_reg_inst/ex_mem_alu_data_out_reg[27]_i_12/O[1]
                         net (fo=1, routed)           0.592     5.021    riscv_cpu_inst/IDEX_reg_inst/riscv_alu_inst/data0[25]
    SLICE_X42Y60         LUT4 (Prop_lut4_I0_O)        0.250     5.271 f  riscv_cpu_inst/IDEX_reg_inst/ex_mem_alu_data_out[25]_i_6/O
                         net (fo=1, routed)           0.446     5.718    riscv_cpu_inst/IDEX_reg_inst/ex_mem_alu_data_out[25]_i_6_n_0
    SLICE_X42Y59         LUT5 (Prop_lut5_I4_O)        0.105     5.823 f  riscv_cpu_inst/IDEX_reg_inst/ex_mem_alu_data_out[25]_i_2/O
                         net (fo=1, routed)           0.000     5.823    riscv_cpu_inst/IDEX_reg_inst/ex_mem_alu_data_out[25]_i_2_n_0
    SLICE_X42Y59         MUXF7 (Prop_muxf7_I0_O)      0.173     5.996 f  riscv_cpu_inst/IDEX_reg_inst/ex_mem_alu_data_out_reg[25]_i_1/O
                         net (fo=3, routed)           0.677     6.672    riscv_cpu_inst/IDEX_reg_inst/alu_data_out[25]
    SLICE_X43Y60         LUT4 (Prop_lut4_I0_O)        0.241     6.913 f  riscv_cpu_inst/IDEX_reg_inst/branch_target_pc_r[31]_i_20/O
                         net (fo=2, routed)           0.356     7.269    riscv_cpu_inst/IDEX_reg_inst/branch_target_pc_r[31]_i_20_n_0
    SLICE_X44Y61         LUT5 (Prop_lut5_I4_O)        0.105     7.374 r  riscv_cpu_inst/IDEX_reg_inst/branch_target_pc_r[31]_i_12/O
                         net (fo=1, routed)           0.237     7.611    riscv_cpu_inst/IDEX_reg_inst/branch_target_pc_r[31]_i_12_n_0
    SLICE_X47Y61         LUT4 (Prop_lut4_I1_O)        0.105     7.716 r  riscv_cpu_inst/IDEX_reg_inst/branch_target_pc_r[31]_i_5/O
                         net (fo=1, routed)           0.113     7.829    riscv_cpu_inst/IDEX_reg_inst/alu_zero_flag
    SLICE_X47Y61         LUT6 (Prop_lut6_I3_O)        0.105     7.934 r  riscv_cpu_inst/IDEX_reg_inst/branch_target_pc_r[31]_i_1/O
                         net (fo=32, routed)          0.492     8.426    riscv_cpu_inst/branch_taken_ex
    SLICE_X51Y58         FDRE                                         r  riscv_cpu_inst/branch_target_pc_r_reg[13]/CE
  -------------------------------------------------------------------    -------------------

                         (clock clk_cpu_clk_wiz_sys_1 rise edge)
                                                     10.000    10.000 r  
    Y22                                               0.000    10.000 r  CLK_FPGA (IN)
                         net (fo=0)                   0.000    10.000    clk_wiz_sys_inst/inst/clk_in1
    Y22                  IBUF (Prop_ibuf_I_O)         0.789    10.789 r  clk_wiz_sys_inst/inst/clkin1_ibufg/O
                         net (fo=1, routed)           1.004    11.793    clk_wiz_sys_inst/inst/clk_in1_clk_wiz_sys
    MMCME2_ADV_X0Y0      MMCME2_ADV (Prop_mmcme2_adv_CLKIN1_CLKOUT0)
                                                     -6.363     5.430 r  clk_wiz_sys_inst/inst/mmcm_adv_inst/CLKOUT0
                         net (fo=1, routed)           1.633     7.063    clk_wiz_sys_inst/inst/clk_cpu_clk_wiz_sys
    BUFGCTRL_X0Y0        BUFG (Prop_bufg_I_O)         0.077     7.140 r  clk_wiz_sys_inst/inst/clkout1_buf/O
                         net (fo=1963, routed)        1.261     8.401    riscv_cpu_inst/clk_cpu
    SLICE_X51Y58         FDRE                                         r  riscv_cpu_inst/branch_target_pc_r_reg[13]/C
                         clock pessimism              0.469     8.869    
                         clock uncertainty           -0.074     8.796    
    SLICE_X51Y58         FDRE (Setup_fdre_C_CE)      -0.168     8.628    riscv_cpu_inst/branch_target_pc_r_reg[13]
  -------------------------------------------------------------------
                         required time                          8.628    
                         arrival time                          -8.426    
  -------------------------------------------------------------------
                         slack                                  0.202    

Slack (MET) :             0.202ns  (required time - arrival time)
  Source:                 riscv_cpu_inst/EXMEM_reg_inst/ex_mem_reg_wr_idx_reg[4]/C
                            (rising edge-triggered cell FDRE clocked by clk_cpu_clk_wiz_sys_1  {rise@0.000ns fall@5.000ns period=10.000ns})
  Destination:            riscv_cpu_inst/branch_target_pc_r_reg[4]/CE
                            (rising edge-triggered cell FDRE clocked by clk_cpu_clk_wiz_sys_1  {rise@0.000ns fall@5.000ns period=10.000ns})
  Path Group:             clk_cpu_clk_wiz_sys_1
  Path Type:              Setup (Max at Slow Process Corner)
  Requirement:            10.000ns  (clk_cpu_clk_wiz_sys_1 rise@10.000ns - clk_cpu_clk_wiz_sys_1 rise@0.000ns)
  Data Path Delay:        9.504ns  (logic 3.386ns (35.629%)  route 6.118ns (64.371%))
  Logic Levels:           18  (CARRY4=5 LUT2=2 LUT3=1 LUT4=3 LUT5=2 LUT6=4 MUXF7=1)
  Clock Path Skew:        -0.053ns (DCD - SCD + CPR)
    Destination Clock Delay (DCD):    -1.599ns = ( 8.401 - 10.000 ) 
    Source Clock Delay      (SCD):    -1.078ns
    Clock Pessimism Removal (CPR):    0.469ns
  Clock Uncertainty:      0.074ns  ((TSJ^2 + DJ^2)^1/2) / 2 + PE
    Total System Jitter     (TSJ):    0.071ns
    Discrete Jitter          (DJ):    0.129ns
    Phase Error              (PE):    0.000ns

    Location             Delay type                Incr(ns)  Path(ns)    Netlist Resource(s)
  -------------------------------------------------------------------    -------------------
                         (clock clk_cpu_clk_wiz_sys_1 rise edge)
                                                      0.000     0.000 r  
    Y22                                               0.000     0.000 r  CLK_FPGA (IN)
                         net (fo=0)                   0.000     0.000    clk_wiz_sys_inst/inst/clk_in1
    Y22                  IBUF (Prop_ibuf_I_O)         0.920     0.920 r  clk_wiz_sys_inst/inst/clkin1_ibufg/O
                         net (fo=1, routed)           1.065     1.986    clk_wiz_sys_inst/inst/clk_in1_clk_wiz_sys
    MMCME2_ADV_X0Y0      MMCME2_ADV (Prop_mmcme2_adv_CLKIN1_CLKOUT0)
                                                     -6.238    -4.252 r  clk_wiz_sys_inst/inst/mmcm_adv_inst/CLKOUT0
                         net (fo=1, routed)           1.714    -2.538    clk_wiz_sys_inst/inst/clk_cpu_clk_wiz_sys
    BUFGCTRL_X0Y0        BUFG (Prop_bufg_I_O)         0.081    -2.457 r  clk_wiz_sys_inst/inst/clkout1_buf/O
                         net (fo=1963, routed)        1.380    -1.078    riscv_cpu_inst/EXMEM_reg_inst/clk_cpu
    SLICE_X40Y55         FDRE                                         r  riscv_cpu_inst/EXMEM_reg_inst/ex_mem_reg_wr_idx_reg[4]/C
  -------------------------------------------------------------------    -------------------
    SLICE_X40Y55         FDRE (Prop_fdre_C_Q)         0.348    -0.730 f  riscv_cpu_inst/EXMEM_reg_inst/ex_mem_reg_wr_idx_reg[4]/Q
                         net (fo=5, routed)           0.692    -0.037    riscv_cpu_inst/EXMEM_reg_inst/ex_mem_reg_wr_idx_reg[4]_0[4]
    SLICE_X40Y53         LUT6 (Prop_lut6_I3_O)        0.242     0.205 f  riscv_cpu_inst/EXMEM_reg_inst/ex_mem_reg_rd_dout_2[31]_i_5/O
                         net (fo=2, routed)           0.240     0.445    riscv_cpu_inst/EXMEM_reg_inst/riscv_hazard_unit_inst/p_7_in
    SLICE_X40Y54         LUT6 (Prop_lut6_I0_O)        0.105     0.550 f  riscv_cpu_inst/EXMEM_reg_inst/ex_mem_reg_rd_dout_2[31]_i_2/O
                         net (fo=34, routed)          0.578     1.128    riscv_cpu_inst/EXMEM_reg_inst/forward_b12_out
    SLICE_X40Y54         LUT2 (Prop_lut2_I0_O)        0.124     1.252 f  riscv_cpu_inst/EXMEM_reg_inst/ex_mem_reg_rd_dout_2[31]_i_3/O
                         net (fo=28, routed)          0.619     1.871    riscv_cpu_inst/EXMEM_reg_inst/ex_mem_reg_rd_dout_2[31]_i_3_n_0
    SLICE_X40Y55         LUT6 (Prop_lut6_I3_O)        0.274     2.145 r  riscv_cpu_inst/EXMEM_reg_inst/ex_mem_reg_rd_dout_2[8]_i_1/O
                         net (fo=2, routed)           0.518     2.663    riscv_cpu_inst/IDEX_reg_inst/D[8]
    SLICE_X46Y52         LUT3 (Prop_lut3_I1_O)        0.105     2.768 r  riscv_cpu_inst/IDEX_reg_inst/ex_mem_alu_data_out[8]_i_7/O
                         net (fo=8, routed)           0.558     3.325    riscv_cpu_inst/IDEX_reg_inst/alu_operand_b[8]
    SLICE_X49Y56         LUT2 (Prop_lut2_I1_O)        0.105     3.430 r  riscv_cpu_inst/IDEX_reg_inst/ex_mem_alu_data_out[11]_i_21/O
                         net (fo=1, routed)           0.000     3.430    riscv_cpu_inst/IDEX_reg_inst/ex_mem_alu_data_out[11]_i_21_n_0
    SLICE_X49Y56         CARRY4 (Prop_carry4_S[0]_CO[3])
                                                      0.440     3.870 r  riscv_cpu_inst/IDEX_reg_inst/ex_mem_alu_data_out_reg[11]_i_12/CO[3]
                         net (fo=1, routed)           0.000     3.870    riscv_cpu_inst/IDEX_reg_inst/ex_mem_alu_data_out_reg[11]_i_12_n_0
    SLICE_X49Y57         CARRY4 (Prop_carry4_CI_CO[3])
                                                      0.098     3.968 r  riscv_cpu_inst/IDEX_reg_inst/ex_mem_alu_data_out_reg[15]_i_12/CO[3]
                         net (fo=1, routed)           0.000     3.968    riscv_cpu_inst/IDEX_reg_inst/ex_mem_alu_data_out_reg[15]_i_12_n_0
    SLICE_X49Y58         CARRY4 (Prop_carry4_CI_CO[3])
                                                      0.098     4.066 r  riscv_cpu_inst/IDEX_reg_inst/ex_mem_alu_data_out_reg[19]_i_12/CO[3]
                         net (fo=1, routed)           0.000     4.066    riscv_cpu_inst/IDEX_reg_inst/ex_mem_alu_data_out_reg[19]_i_12_n_0
    SLICE_X49Y59         CARRY4 (Prop_carry4_CI_CO[3])
                                                      0.098     4.164 r  riscv_cpu_inst/IDEX_reg_inst/ex_mem_alu_data_out_reg[23]_i_12/CO[3]
                         net (fo=1, routed)           0.000     4.164    riscv_cpu_inst/IDEX_reg_inst/ex_mem_alu_data_out_reg[23]_i_12_n_0
    SLICE_X49Y60         CARRY4 (Prop_carry4_CI_O[1])
                                                      0.265     4.429 f  riscv_cpu_inst/IDEX_reg_inst/ex_mem_alu_data_out_reg[27]_i_12/O[1]
                         net (fo=1, routed)           0.592     5.021    riscv_cpu_inst/IDEX_reg_inst/riscv_alu_inst/data0[25]
    SLICE_X42Y60         LUT4 (Prop_lut4_I0_O)        0.250     5.271 f  riscv_cpu_inst/IDEX_reg_inst/ex_mem_alu_data_out[25]_i_6/O
                         net (fo=1, routed)           0.446     5.718    riscv_cpu_inst/IDEX_reg_inst/ex_mem_alu_data_out[25]_i_6_n_0
    SLICE_X42Y59         LUT5 (Prop_lut5_I4_O)        0.105     5.823 f  riscv_cpu_inst/IDEX_reg_inst/ex_mem_alu_data_out[25]_i_2/O
                         net (fo=1, routed)           0.000     5.823    riscv_cpu_inst/IDEX_reg_inst/ex_mem_alu_data_out[25]_i_2_n_0
    SLICE_X42Y59         MUXF7 (Prop_muxf7_I0_O)      0.173     5.996 f  riscv_cpu_inst/IDEX_reg_inst/ex_mem_alu_data_out_reg[25]_i_1/O
                         net (fo=3, routed)           0.677     6.672    riscv_cpu_inst/IDEX_reg_inst/alu_data_out[25]
    SLICE_X43Y60         LUT4 (Prop_lut4_I0_O)        0.241     6.913 f  riscv_cpu_inst/IDEX_reg_inst/branch_target_pc_r[31]_i_20/O
                         net (fo=2, routed)           0.356     7.269    riscv_cpu_inst/IDEX_reg_inst/branch_target_pc_r[31]_i_20_n_0
    SLICE_X44Y61         LUT5 (Prop_lut5_I4_O)        0.105     7.374 r  riscv_cpu_inst/IDEX_reg_inst/branch_target_pc_r[31]_i_12/O
                         net (fo=1, routed)           0.237     7.611    riscv_cpu_inst/IDEX_reg_inst/branch_target_pc_r[31]_i_12_n_0
    SLICE_X47Y61         LUT4 (Prop_lut4_I1_O)        0.105     7.716 r  riscv_cpu_inst/IDEX_reg_inst/branch_target_pc_r[31]_i_5/O
                         net (fo=1, routed)           0.113     7.829    riscv_cpu_inst/IDEX_reg_inst/alu_zero_flag
    SLICE_X47Y61         LUT6 (Prop_lut6_I3_O)        0.105     7.934 r  riscv_cpu_inst/IDEX_reg_inst/branch_target_pc_r[31]_i_1/O
                         net (fo=32, routed)          0.492     8.426    riscv_cpu_inst/branch_taken_ex
    SLICE_X51Y58         FDRE                                         r  riscv_cpu_inst/branch_target_pc_r_reg[4]/CE
  -------------------------------------------------------------------    -------------------

                         (clock clk_cpu_clk_wiz_sys_1 rise edge)
                                                     10.000    10.000 r  
    Y22                                               0.000    10.000 r  CLK_FPGA (IN)
                         net (fo=0)                   0.000    10.000    clk_wiz_sys_inst/inst/clk_in1
    Y22                  IBUF (Prop_ibuf_I_O)         0.789    10.789 r  clk_wiz_sys_inst/inst/clkin1_ibufg/O
                         net (fo=1, routed)           1.004    11.793    clk_wiz_sys_inst/inst/clk_in1_clk_wiz_sys
    MMCME2_ADV_X0Y0      MMCME2_ADV (Prop_mmcme2_adv_CLKIN1_CLKOUT0)
                                                     -6.363     5.430 r  clk_wiz_sys_inst/inst/mmcm_adv_inst/CLKOUT0
                         net (fo=1, routed)           1.633     7.063    clk_wiz_sys_inst/inst/clk_cpu_clk_wiz_sys
    BUFGCTRL_X0Y0        BUFG (Prop_bufg_I_O)         0.077     7.140 r  clk_wiz_sys_inst/inst/clkout1_buf/O
                         net (fo=1963, routed)        1.261     8.401    riscv_cpu_inst/clk_cpu
    SLICE_X51Y58         FDRE                                         r  riscv_cpu_inst/branch_target_pc_r_reg[4]/C
                         clock pessimism              0.469     8.869    
                         clock uncertainty           -0.074     8.796    
    SLICE_X51Y58         FDRE (Setup_fdre_C_CE)      -0.168     8.628    riscv_cpu_inst/branch_target_pc_r_reg[4]
  -------------------------------------------------------------------
                         required time                          8.628    
                         arrival time                          -8.426    
  -------------------------------------------------------------------
                         slack                                  0.202    

Slack (MET) :             0.222ns  (required time - arrival time)
  Source:                 riscv_cpu_inst/EXMEM_reg_inst/ex_mem_reg_wr_idx_reg[4]/C
                            (rising edge-triggered cell FDRE clocked by clk_cpu_clk_wiz_sys_1  {rise@0.000ns fall@5.000ns period=10.000ns})
  Destination:            riscv_cpu_inst/branch_target_pc_r_reg[11]/CE
                            (rising edge-triggered cell FDRE clocked by clk_cpu_clk_wiz_sys_1  {rise@0.000ns fall@5.000ns period=10.000ns})
  Path Group:             clk_cpu_clk_wiz_sys_1
  Path Type:              Setup (Max at Slow Process Corner)
  Requirement:            10.000ns  (clk_cpu_clk_wiz_sys_1 rise@10.000ns - clk_cpu_clk_wiz_sys_1 rise@0.000ns)
  Data Path Delay:        9.490ns  (logic 3.386ns (35.680%)  route 6.104ns (64.320%))
  Logic Levels:           18  (CARRY4=5 LUT2=2 LUT3=1 LUT4=3 LUT5=2 LUT6=4 MUXF7=1)
  Clock Path Skew:        -0.047ns (DCD - SCD + CPR)
    Destination Clock Delay (DCD):    -1.593ns = ( 8.407 - 10.000 ) 
    Source Clock Delay      (SCD):    -1.078ns
    Clock Pessimism Removal (CPR):    0.469ns
  Clock Uncertainty:      0.074ns  ((TSJ^2 + DJ^2)^1/2) / 2 + PE
    Total System Jitter     (TSJ):    0.071ns
    Discrete Jitter          (DJ):    0.129ns
    Phase Error              (PE):    0.000ns

    Location             Delay type                Incr(ns)  Path(ns)    Netlist Resource(s)
  -------------------------------------------------------------------    -------------------
                         (clock clk_cpu_clk_wiz_sys_1 rise edge)
                                                      0.000     0.000 r  
    Y22                                               0.000     0.000 r  CLK_FPGA (IN)
                         net (fo=0)                   0.000     0.000    clk_wiz_sys_inst/inst/clk_in1
    Y22                  IBUF (Prop_ibuf_I_O)         0.920     0.920 r  clk_wiz_sys_inst/inst/clkin1_ibufg/O
                         net (fo=1, routed)           1.065     1.986    clk_wiz_sys_inst/inst/clk_in1_clk_wiz_sys
    MMCME2_ADV_X0Y0      MMCME2_ADV (Prop_mmcme2_adv_CLKIN1_CLKOUT0)
                                                     -6.238    -4.252 r  clk_wiz_sys_inst/inst/mmcm_adv_inst/CLKOUT0
                         net (fo=1, routed)           1.714    -2.538    clk_wiz_sys_inst/inst/clk_cpu_clk_wiz_sys
    BUFGCTRL_X0Y0        BUFG (Prop_bufg_I_O)         0.081    -2.457 r  clk_wiz_sys_inst/inst/clkout1_buf/O
                         net (fo=1963, routed)        1.380    -1.078    riscv_cpu_inst/EXMEM_reg_inst/clk_cpu
    SLICE_X40Y55         FDRE                                         r  riscv_cpu_inst/EXMEM_reg_inst/ex_mem_reg_wr_idx_reg[4]/C
  -------------------------------------------------------------------    -------------------
    SLICE_X40Y55         FDRE (Prop_fdre_C_Q)         0.348    -0.730 f  riscv_cpu_inst/EXMEM_reg_inst/ex_mem_reg_wr_idx_reg[4]/Q
                         net (fo=5, routed)           0.692    -0.037    riscv_cpu_inst/EXMEM_reg_inst/ex_mem_reg_wr_idx_reg[4]_0[4]
    SLICE_X40Y53         LUT6 (Prop_lut6_I3_O)        0.242     0.205 f  riscv_cpu_inst/EXMEM_reg_inst/ex_mem_reg_rd_dout_2[31]_i_5/O
                         net (fo=2, routed)           0.240     0.445    riscv_cpu_inst/EXMEM_reg_inst/riscv_hazard_unit_inst/p_7_in
    SLICE_X40Y54         LUT6 (Prop_lut6_I0_O)        0.105     0.550 f  riscv_cpu_inst/EXMEM_reg_inst/ex_mem_reg_rd_dout_2[31]_i_2/O
                         net (fo=34, routed)          0.578     1.128    riscv_cpu_inst/EXMEM_reg_inst/forward_b12_out
    SLICE_X40Y54         LUT2 (Prop_lut2_I0_O)        0.124     1.252 f  riscv_cpu_inst/EXMEM_reg_inst/ex_mem_reg_rd_dout_2[31]_i_3/O
                         net (fo=28, routed)          0.619     1.871    riscv_cpu_inst/EXMEM_reg_inst/ex_mem_reg_rd_dout_2[31]_i_3_n_0
    SLICE_X40Y55         LUT6 (Prop_lut6_I3_O)        0.274     2.145 r  riscv_cpu_inst/EXMEM_reg_inst/ex_mem_reg_rd_dout_2[8]_i_1/O
                         net (fo=2, routed)           0.518     2.663    riscv_cpu_inst/IDEX_reg_inst/D[8]
    SLICE_X46Y52         LUT3 (Prop_lut3_I1_O)        0.105     2.768 r  riscv_cpu_inst/IDEX_reg_inst/ex_mem_alu_data_out[8]_i_7/O
                         net (fo=8, routed)           0.558     3.325    riscv_cpu_inst/IDEX_reg_inst/alu_operand_b[8]
    SLICE_X49Y56         LUT2 (Prop_lut2_I1_O)        0.105     3.430 r  riscv_cpu_inst/IDEX_reg_inst/ex_mem_alu_data_out[11]_i_21/O
                         net (fo=1, routed)           0.000     3.430    riscv_cpu_inst/IDEX_reg_inst/ex_mem_alu_data_out[11]_i_21_n_0
    SLICE_X49Y56         CARRY4 (Prop_carry4_S[0]_CO[3])
                                                      0.440     3.870 r  riscv_cpu_inst/IDEX_reg_inst/ex_mem_alu_data_out_reg[11]_i_12/CO[3]
                         net (fo=1, routed)           0.000     3.870    riscv_cpu_inst/IDEX_reg_inst/ex_mem_alu_data_out_reg[11]_i_12_n_0
    SLICE_X49Y57         CARRY4 (Prop_carry4_CI_CO[3])
                                                      0.098     3.968 r  riscv_cpu_inst/IDEX_reg_inst/ex_mem_alu_data_out_reg[15]_i_12/CO[3]
                         net (fo=1, routed)           0.000     3.968    riscv_cpu_inst/IDEX_reg_inst/ex_mem_alu_data_out_reg[15]_i_12_n_0
    SLICE_X49Y58         CARRY4 (Prop_carry4_CI_CO[3])
                                                      0.098     4.066 r  riscv_cpu_inst/IDEX_reg_inst/ex_mem_alu_data_out_reg[19]_i_12/CO[3]
                         net (fo=1, routed)           0.000     4.066    riscv_cpu_inst/IDEX_reg_inst/ex_mem_alu_data_out_reg[19]_i_12_n_0
    SLICE_X49Y59         CARRY4 (Prop_carry4_CI_CO[3])
                                                      0.098     4.164 r  riscv_cpu_inst/IDEX_reg_inst/ex_mem_alu_data_out_reg[23]_i_12/CO[3]
                         net (fo=1, routed)           0.000     4.164    riscv_cpu_inst/IDEX_reg_inst/ex_mem_alu_data_out_reg[23]_i_12_n_0
    SLICE_X49Y60         CARRY4 (Prop_carry4_CI_O[1])
                                                      0.265     4.429 f  riscv_cpu_inst/IDEX_reg_inst/ex_mem_alu_data_out_reg[27]_i_12/O[1]
                         net (fo=1, routed)           0.592     5.021    riscv_cpu_inst/IDEX_reg_inst/riscv_alu_inst/data0[25]
    SLICE_X42Y60         LUT4 (Prop_lut4_I0_O)        0.250     5.271 f  riscv_cpu_inst/IDEX_reg_inst/ex_mem_alu_data_out[25]_i_6/O
                         net (fo=1, routed)           0.446     5.718    riscv_cpu_inst/IDEX_reg_inst/ex_mem_alu_data_out[25]_i_6_n_0
    SLICE_X42Y59         LUT5 (Prop_lut5_I4_O)        0.105     5.823 f  riscv_cpu_inst/IDEX_reg_inst/ex_mem_alu_data_out[25]_i_2/O
                         net (fo=1, routed)           0.000     5.823    riscv_cpu_inst/IDEX_reg_inst/ex_mem_alu_data_out[25]_i_2_n_0
    SLICE_X42Y59         MUXF7 (Prop_muxf7_I0_O)      0.173     5.996 f  riscv_cpu_inst/IDEX_reg_inst/ex_mem_alu_data_out_reg[25]_i_1/O
                         net (fo=3, routed)           0.677     6.672    riscv_cpu_inst/IDEX_reg_inst/alu_data_out[25]
    SLICE_X43Y60         LUT4 (Prop_lut4_I0_O)        0.241     6.913 f  riscv_cpu_inst/IDEX_reg_inst/branch_target_pc_r[31]_i_20/O
                         net (fo=2, routed)           0.356     7.269    riscv_cpu_inst/IDEX_reg_inst/branch_target_pc_r[31]_i_20_n_0
    SLICE_X44Y61         LUT5 (Prop_lut5_I4_O)        0.105     7.374 r  riscv_cpu_inst/IDEX_reg_inst/branch_target_pc_r[31]_i_12/O
                         net (fo=1, routed)           0.237     7.611    riscv_cpu_inst/IDEX_reg_inst/branch_target_pc_r[31]_i_12_n_0
    SLICE_X47Y61         LUT4 (Prop_lut4_I1_O)        0.105     7.716 r  riscv_cpu_inst/IDEX_reg_inst/branch_target_pc_r[31]_i_5/O
                         net (fo=1, routed)           0.113     7.829    riscv_cpu_inst/IDEX_reg_inst/alu_zero_flag
    SLICE_X47Y61         LUT6 (Prop_lut6_I3_O)        0.105     7.934 r  riscv_cpu_inst/IDEX_reg_inst/branch_target_pc_r[31]_i_1/O
                         net (fo=32, routed)          0.478     8.412    riscv_cpu_inst/branch_taken_ex
    SLICE_X43Y59         FDRE                                         r  riscv_cpu_inst/branch_target_pc_r_reg[11]/CE
  -------------------------------------------------------------------    -------------------

                         (clock clk_cpu_clk_wiz_sys_1 rise edge)
                                                     10.000    10.000 r  
    Y22                                               0.000    10.000 r  CLK_FPGA (IN)
                         net (fo=0)                   0.000    10.000    clk_wiz_sys_inst/inst/clk_in1
    Y22                  IBUF (Prop_ibuf_I_O)         0.789    10.789 r  clk_wiz_sys_inst/inst/clkin1_ibufg/O
                         net (fo=1, routed)           1.004    11.793    clk_wiz_sys_inst/inst/clk_in1_clk_wiz_sys
    MMCME2_ADV_X0Y0      MMCME2_ADV (Prop_mmcme2_adv_CLKIN1_CLKOUT0)
                                                     -6.363     5.430 r  clk_wiz_sys_inst/inst/mmcm_adv_inst/CLKOUT0
                         net (fo=1, routed)           1.633     7.063    clk_wiz_sys_inst/inst/clk_cpu_clk_wiz_sys
    BUFGCTRL_X0Y0        BUFG (Prop_bufg_I_O)         0.077     7.140 r  clk_wiz_sys_inst/inst/clkout1_buf/O
                         net (fo=1963, routed)        1.267     8.407    riscv_cpu_inst/clk_cpu
    SLICE_X43Y59         FDRE                                         r  riscv_cpu_inst/branch_target_pc_r_reg[11]/C
                         clock pessimism              0.469     8.875    
                         clock uncertainty           -0.074     8.802    
    SLICE_X43Y59         FDRE (Setup_fdre_C_CE)      -0.168     8.634    riscv_cpu_inst/branch_target_pc_r_reg[11]
  -------------------------------------------------------------------
                         required time                          8.634    
                         arrival time                          -8.412    
  -------------------------------------------------------------------
                         slack                                  0.222    

Slack (MET) :             0.222ns  (required time - arrival time)
  Source:                 riscv_cpu_inst/EXMEM_reg_inst/ex_mem_reg_wr_idx_reg[4]/C
                            (rising edge-triggered cell FDRE clocked by clk_cpu_clk_wiz_sys_1  {rise@0.000ns fall@5.000ns period=10.000ns})
  Destination:            riscv_cpu_inst/branch_target_pc_r_reg[24]/CE
                            (rising edge-triggered cell FDRE clocked by clk_cpu_clk_wiz_sys_1  {rise@0.000ns fall@5.000ns period=10.000ns})
  Path Group:             clk_cpu_clk_wiz_sys_1
  Path Type:              Setup (Max at Slow Process Corner)
  Requirement:            10.000ns  (clk_cpu_clk_wiz_sys_1 rise@10.000ns - clk_cpu_clk_wiz_sys_1 rise@0.000ns)
  Data Path Delay:        9.490ns  (logic 3.386ns (35.680%)  route 6.104ns (64.320%))
  Logic Levels:           18  (CARRY4=5 LUT2=2 LUT3=1 LUT4=3 LUT5=2 LUT6=4 MUXF7=1)
  Clock Path Skew:        -0.047ns (DCD - SCD + CPR)
    Destination Clock Delay (DCD):    -1.593ns = ( 8.407 - 10.000 ) 
    Source Clock Delay      (SCD):    -1.078ns
    Clock Pessimism Removal (CPR):    0.469ns
  Clock Uncertainty:      0.074ns  ((TSJ^2 + DJ^2)^1/2) / 2 + PE
    Total System Jitter     (TSJ):    0.071ns
    Discrete Jitter          (DJ):    0.129ns
    Phase Error              (PE):    0.000ns

    Location             Delay type                Incr(ns)  Path(ns)    Netlist Resource(s)
  -------------------------------------------------------------------    -------------------
                         (clock clk_cpu_clk_wiz_sys_1 rise edge)
                                                      0.000     0.000 r  
    Y22                                               0.000     0.000 r  CLK_FPGA (IN)
                         net (fo=0)                   0.000     0.000    clk_wiz_sys_inst/inst/clk_in1
    Y22                  IBUF (Prop_ibuf_I_O)         0.920     0.920 r  clk_wiz_sys_inst/inst/clkin1_ibufg/O
                         net (fo=1, routed)           1.065     1.986    clk_wiz_sys_inst/inst/clk_in1_clk_wiz_sys
    MMCME2_ADV_X0Y0      MMCME2_ADV (Prop_mmcme2_adv_CLKIN1_CLKOUT0)
                                                     -6.238    -4.252 r  clk_wiz_sys_inst/inst/mmcm_adv_inst/CLKOUT0
                         net (fo=1, routed)           1.714    -2.538    clk_wiz_sys_inst/inst/clk_cpu_clk_wiz_sys
    BUFGCTRL_X0Y0        BUFG (Prop_bufg_I_O)         0.081    -2.457 r  clk_wiz_sys_inst/inst/clkout1_buf/O
                         net (fo=1963, routed)        1.380    -1.078    riscv_cpu_inst/EXMEM_reg_inst/clk_cpu
    SLICE_X40Y55         FDRE                                         r  riscv_cpu_inst/EXMEM_reg_inst/ex_mem_reg_wr_idx_reg[4]/C
  -------------------------------------------------------------------    -------------------
    SLICE_X40Y55         FDRE (Prop_fdre_C_Q)         0.348    -0.730 f  riscv_cpu_inst/EXMEM_reg_inst/ex_mem_reg_wr_idx_reg[4]/Q
                         net (fo=5, routed)           0.692    -0.037    riscv_cpu_inst/EXMEM_reg_inst/ex_mem_reg_wr_idx_reg[4]_0[4]
    SLICE_X40Y53         LUT6 (Prop_lut6_I3_O)        0.242     0.205 f  riscv_cpu_inst/EXMEM_reg_inst/ex_mem_reg_rd_dout_2[31]_i_5/O
                         net (fo=2, routed)           0.240     0.445    riscv_cpu_inst/EXMEM_reg_inst/riscv_hazard_unit_inst/p_7_in
    SLICE_X40Y54         LUT6 (Prop_lut6_I0_O)        0.105     0.550 f  riscv_cpu_inst/EXMEM_reg_inst/ex_mem_reg_rd_dout_2[31]_i_2/O
                         net (fo=34, routed)          0.578     1.128    riscv_cpu_inst/EXMEM_reg_inst/forward_b12_out
    SLICE_X40Y54         LUT2 (Prop_lut2_I0_O)        0.124     1.252 f  riscv_cpu_inst/EXMEM_reg_inst/ex_mem_reg_rd_dout_2[31]_i_3/O
                         net (fo=28, routed)          0.619     1.871    riscv_cpu_inst/EXMEM_reg_inst/ex_mem_reg_rd_dout_2[31]_i_3_n_0
    SLICE_X40Y55         LUT6 (Prop_lut6_I3_O)        0.274     2.145 r  riscv_cpu_inst/EXMEM_reg_inst/ex_mem_reg_rd_dout_2[8]_i_1/O
                         net (fo=2, routed)           0.518     2.663    riscv_cpu_inst/IDEX_reg_inst/D[8]
    SLICE_X46Y52         LUT3 (Prop_lut3_I1_O)        0.105     2.768 r  riscv_cpu_inst/IDEX_reg_inst/ex_mem_alu_data_out[8]_i_7/O
                         net (fo=8, routed)           0.558     3.325    riscv_cpu_inst/IDEX_reg_inst/alu_operand_b[8]
    SLICE_X49Y56         LUT2 (Prop_lut2_I1_O)        0.105     3.430 r  riscv_cpu_inst/IDEX_reg_inst/ex_mem_alu_data_out[11]_i_21/O
                         net (fo=1, routed)           0.000     3.430    riscv_cpu_inst/IDEX_reg_inst/ex_mem_alu_data_out[11]_i_21_n_0
    SLICE_X49Y56         CARRY4 (Prop_carry4_S[0]_CO[3])
                                                      0.440     3.870 r  riscv_cpu_inst/IDEX_reg_inst/ex_mem_alu_data_out_reg[11]_i_12/CO[3]
                         net (fo=1, routed)           0.000     3.870    riscv_cpu_inst/IDEX_reg_inst/ex_mem_alu_data_out_reg[11]_i_12_n_0
    SLICE_X49Y57         CARRY4 (Prop_carry4_CI_CO[3])
                                                      0.098     3.968 r  riscv_cpu_inst/IDEX_reg_inst/ex_mem_alu_data_out_reg[15]_i_12/CO[3]
                         net (fo=1, routed)           0.000     3.968    riscv_cpu_inst/IDEX_reg_inst/ex_mem_alu_data_out_reg[15]_i_12_n_0
    SLICE_X49Y58         CARRY4 (Prop_carry4_CI_CO[3])
                                                      0.098     4.066 r  riscv_cpu_inst/IDEX_reg_inst/ex_mem_alu_data_out_reg[19]_i_12/CO[3]
                         net (fo=1, routed)           0.000     4.066    riscv_cpu_inst/IDEX_reg_inst/ex_mem_alu_data_out_reg[19]_i_12_n_0
    SLICE_X49Y59         CARRY4 (Prop_carry4_CI_CO[3])
                                                      0.098     4.164 r  riscv_cpu_inst/IDEX_reg_inst/ex_mem_alu_data_out_reg[23]_i_12/CO[3]
                         net (fo=1, routed)           0.000     4.164    riscv_cpu_inst/IDEX_reg_inst/ex_mem_alu_data_out_reg[23]_i_12_n_0
    SLICE_X49Y60         CARRY4 (Prop_carry4_CI_O[1])
                                                      0.265     4.429 f  riscv_cpu_inst/IDEX_reg_inst/ex_mem_alu_data_out_reg[27]_i_12/O[1]
                         net (fo=1, routed)           0.592     5.021    riscv_cpu_inst/IDEX_reg_inst/riscv_alu_inst/data0[25]
    SLICE_X42Y60         LUT4 (Prop_lut4_I0_O)        0.250     5.271 f  riscv_cpu_inst/IDEX_reg_inst/ex_mem_alu_data_out[25]_i_6/O
                         net (fo=1, routed)           0.446     5.718    riscv_cpu_inst/IDEX_reg_inst/ex_mem_alu_data_out[25]_i_6_n_0
    SLICE_X42Y59         LUT5 (Prop_lut5_I4_O)        0.105     5.823 f  riscv_cpu_inst/IDEX_reg_inst/ex_mem_alu_data_out[25]_i_2/O
                         net (fo=1, routed)           0.000     5.823    riscv_cpu_inst/IDEX_reg_inst/ex_mem_alu_data_out[25]_i_2_n_0
    SLICE_X42Y59         MUXF7 (Prop_muxf7_I0_O)      0.173     5.996 f  riscv_cpu_inst/IDEX_reg_inst/ex_mem_alu_data_out_reg[25]_i_1/O
                         net (fo=3, routed)           0.677     6.672    riscv_cpu_inst/IDEX_reg_inst/alu_data_out[25]
    SLICE_X43Y60         LUT4 (Prop_lut4_I0_O)        0.241     6.913 f  riscv_cpu_inst/IDEX_reg_inst/branch_target_pc_r[31]_i_20/O
                         net (fo=2, routed)           0.356     7.269    riscv_cpu_inst/IDEX_reg_inst/branch_target_pc_r[31]_i_20_n_0
    SLICE_X44Y61         LUT5 (Prop_lut5_I4_O)        0.105     7.374 r  riscv_cpu_inst/IDEX_reg_inst/branch_target_pc_r[31]_i_12/O
                         net (fo=1, routed)           0.237     7.611    riscv_cpu_inst/IDEX_reg_inst/branch_target_pc_r[31]_i_12_n_0
    SLICE_X47Y61         LUT4 (Prop_lut4_I1_O)        0.105     7.716 r  riscv_cpu_inst/IDEX_reg_inst/branch_target_pc_r[31]_i_5/O
                         net (fo=1, routed)           0.113     7.829    riscv_cpu_inst/IDEX_reg_inst/alu_zero_flag
    SLICE_X47Y61         LUT6 (Prop_lut6_I3_O)        0.105     7.934 r  riscv_cpu_inst/IDEX_reg_inst/branch_target_pc_r[31]_i_1/O
                         net (fo=32, routed)          0.478     8.412    riscv_cpu_inst/branch_taken_ex
    SLICE_X43Y59         FDRE                                         r  riscv_cpu_inst/branch_target_pc_r_reg[24]/CE
  -------------------------------------------------------------------    -------------------

                         (clock clk_cpu_clk_wiz_sys_1 rise edge)
                                                     10.000    10.000 r  
    Y22                                               0.000    10.000 r  CLK_FPGA (IN)
                         net (fo=0)                   0.000    10.000    clk_wiz_sys_inst/inst/clk_in1
    Y22                  IBUF (Prop_ibuf_I_O)         0.789    10.789 r  clk_wiz_sys_inst/inst/clkin1_ibufg/O
                         net (fo=1, routed)           1.004    11.793    clk_wiz_sys_inst/inst/clk_in1_clk_wiz_sys
    MMCME2_ADV_X0Y0      MMCME2_ADV (Prop_mmcme2_adv_CLKIN1_CLKOUT0)
                                                     -6.363     5.430 r  clk_wiz_sys_inst/inst/mmcm_adv_inst/CLKOUT0
                         net (fo=1, routed)           1.633     7.063    clk_wiz_sys_inst/inst/clk_cpu_clk_wiz_sys
    BUFGCTRL_X0Y0        BUFG (Prop_bufg_I_O)         0.077     7.140 r  clk_wiz_sys_inst/inst/clkout1_buf/O
                         net (fo=1963, routed)        1.267     8.407    riscv_cpu_inst/clk_cpu
    SLICE_X43Y59         FDRE                                         r  riscv_cpu_inst/branch_target_pc_r_reg[24]/C
                         clock pessimism              0.469     8.875    
                         clock uncertainty           -0.074     8.802    
    SLICE_X43Y59         FDRE (Setup_fdre_C_CE)      -0.168     8.634    riscv_cpu_inst/branch_target_pc_r_reg[24]
  -------------------------------------------------------------------
                         required time                          8.634    
                         arrival time                          -8.412    
  -------------------------------------------------------------------
                         slack                                  0.222    

Slack (MET) :             0.222ns  (required time - arrival time)
  Source:                 riscv_cpu_inst/EXMEM_reg_inst/ex_mem_reg_wr_idx_reg[4]/C
                            (rising edge-triggered cell FDRE clocked by clk_cpu_clk_wiz_sys_1  {rise@0.000ns fall@5.000ns period=10.000ns})
  Destination:            riscv_cpu_inst/branch_target_pc_r_reg[26]/CE
                            (rising edge-triggered cell FDRE clocked by clk_cpu_clk_wiz_sys_1  {rise@0.000ns fall@5.000ns period=10.000ns})
  Path Group:             clk_cpu_clk_wiz_sys_1
  Path Type:              Setup (Max at Slow Process Corner)
  Requirement:            10.000ns  (clk_cpu_clk_wiz_sys_1 rise@10.000ns - clk_cpu_clk_wiz_sys_1 rise@0.000ns)
  Data Path Delay:        9.490ns  (logic 3.386ns (35.680%)  route 6.104ns (64.320%))
  Logic Levels:           18  (CARRY4=5 LUT2=2 LUT3=1 LUT4=3 LUT5=2 LUT6=4 MUXF7=1)
  Clock Path Skew:        -0.047ns (DCD - SCD + CPR)
    Destination Clock Delay (DCD):    -1.593ns = ( 8.407 - 10.000 ) 
    Source Clock Delay      (SCD):    -1.078ns
    Clock Pessimism Removal (CPR):    0.469ns
  Clock Uncertainty:      0.074ns  ((TSJ^2 + DJ^2)^1/2) / 2 + PE
    Total System Jitter     (TSJ):    0.071ns
    Discrete Jitter          (DJ):    0.129ns
    Phase Error              (PE):    0.000ns

    Location             Delay type                Incr(ns)  Path(ns)    Netlist Resource(s)
  -------------------------------------------------------------------    -------------------
                         (clock clk_cpu_clk_wiz_sys_1 rise edge)
                                                      0.000     0.000 r  
    Y22                                               0.000     0.000 r  CLK_FPGA (IN)
                         net (fo=0)                   0.000     0.000    clk_wiz_sys_inst/inst/clk_in1
    Y22                  IBUF (Prop_ibuf_I_O)         0.920     0.920 r  clk_wiz_sys_inst/inst/clkin1_ibufg/O
                         net (fo=1, routed)           1.065     1.986    clk_wiz_sys_inst/inst/clk_in1_clk_wiz_sys
    MMCME2_ADV_X0Y0      MMCME2_ADV (Prop_mmcme2_adv_CLKIN1_CLKOUT0)
                                                     -6.238    -4.252 r  clk_wiz_sys_inst/inst/mmcm_adv_inst/CLKOUT0
                         net (fo=1, routed)           1.714    -2.538    clk_wiz_sys_inst/inst/clk_cpu_clk_wiz_sys
    BUFGCTRL_X0Y0        BUFG (Prop_bufg_I_O)         0.081    -2.457 r  clk_wiz_sys_inst/inst/clkout1_buf/O
                         net (fo=1963, routed)        1.380    -1.078    riscv_cpu_inst/EXMEM_reg_inst/clk_cpu
    SLICE_X40Y55         FDRE                                         r  riscv_cpu_inst/EXMEM_reg_inst/ex_mem_reg_wr_idx_reg[4]/C
  -------------------------------------------------------------------    -------------------
    SLICE_X40Y55         FDRE (Prop_fdre_C_Q)         0.348    -0.730 f  riscv_cpu_inst/EXMEM_reg_inst/ex_mem_reg_wr_idx_reg[4]/Q
                         net (fo=5, routed)           0.692    -0.037    riscv_cpu_inst/EXMEM_reg_inst/ex_mem_reg_wr_idx_reg[4]_0[4]
    SLICE_X40Y53         LUT6 (Prop_lut6_I3_O)        0.242     0.205 f  riscv_cpu_inst/EXMEM_reg_inst/ex_mem_reg_rd_dout_2[31]_i_5/O
                         net (fo=2, routed)           0.240     0.445    riscv_cpu_inst/EXMEM_reg_inst/riscv_hazard_unit_inst/p_7_in
    SLICE_X40Y54         LUT6 (Prop_lut6_I0_O)        0.105     0.550 f  riscv_cpu_inst/EXMEM_reg_inst/ex_mem_reg_rd_dout_2[31]_i_2/O
                         net (fo=34, routed)          0.578     1.128    riscv_cpu_inst/EXMEM_reg_inst/forward_b12_out
    SLICE_X40Y54         LUT2 (Prop_lut2_I0_O)        0.124     1.252 f  riscv_cpu_inst/EXMEM_reg_inst/ex_mem_reg_rd_dout_2[31]_i_3/O
                         net (fo=28, routed)          0.619     1.871    riscv_cpu_inst/EXMEM_reg_inst/ex_mem_reg_rd_dout_2[31]_i_3_n_0
    SLICE_X40Y55         LUT6 (Prop_lut6_I3_O)        0.274     2.145 r  riscv_cpu_inst/EXMEM_reg_inst/ex_mem_reg_rd_dout_2[8]_i_1/O
                         net (fo=2, routed)           0.518     2.663    riscv_cpu_inst/IDEX_reg_inst/D[8]
    SLICE_X46Y52         LUT3 (Prop_lut3_I1_O)        0.105     2.768 r  riscv_cpu_inst/IDEX_reg_inst/ex_mem_alu_data_out[8]_i_7/O
                         net (fo=8, routed)           0.558     3.325    riscv_cpu_inst/IDEX_reg_inst/alu_operand_b[8]
    SLICE_X49Y56         LUT2 (Prop_lut2_I1_O)        0.105     3.430 r  riscv_cpu_inst/IDEX_reg_inst/ex_mem_alu_data_out[11]_i_21/O
                         net (fo=1, routed)           0.000     3.430    riscv_cpu_inst/IDEX_reg_inst/ex_mem_alu_data_out[11]_i_21_n_0
    SLICE_X49Y56         CARRY4 (Prop_carry4_S[0]_CO[3])
                                                      0.440     3.870 r  riscv_cpu_inst/IDEX_reg_inst/ex_mem_alu_data_out_reg[11]_i_12/CO[3]
                         net (fo=1, routed)           0.000     3.870    riscv_cpu_inst/IDEX_reg_inst/ex_mem_alu_data_out_reg[11]_i_12_n_0
    SLICE_X49Y57         CARRY4 (Prop_carry4_CI_CO[3])
                                                      0.098     3.968 r  riscv_cpu_inst/IDEX_reg_inst/ex_mem_alu_data_out_reg[15]_i_12/CO[3]
                         net (fo=1, routed)           0.000     3.968    riscv_cpu_inst/IDEX_reg_inst/ex_mem_alu_data_out_reg[15]_i_12_n_0
    SLICE_X49Y58         CARRY4 (Prop_carry4_CI_CO[3])
                                                      0.098     4.066 r  riscv_cpu_inst/IDEX_reg_inst/ex_mem_alu_data_out_reg[19]_i_12/CO[3]
                         net (fo=1, routed)           0.000     4.066    riscv_cpu_inst/IDEX_reg_inst/ex_mem_alu_data_out_reg[19]_i_12_n_0
    SLICE_X49Y59         CARRY4 (Prop_carry4_CI_CO[3])
                                                      0.098     4.164 r  riscv_cpu_inst/IDEX_reg_inst/ex_mem_alu_data_out_reg[23]_i_12/CO[3]
                         net (fo=1, routed)           0.000     4.164    riscv_cpu_inst/IDEX_reg_inst/ex_mem_alu_data_out_reg[23]_i_12_n_0
    SLICE_X49Y60         CARRY4 (Prop_carry4_CI_O[1])
                                                      0.265     4.429 f  riscv_cpu_inst/IDEX_reg_inst/ex_mem_alu_data_out_reg[27]_i_12/O[1]
                         net (fo=1, routed)           0.592     5.021    riscv_cpu_inst/IDEX_reg_inst/riscv_alu_inst/data0[25]
    SLICE_X42Y60         LUT4 (Prop_lut4_I0_O)        0.250     5.271 f  riscv_cpu_inst/IDEX_reg_inst/ex_mem_alu_data_out[25]_i_6/O
                         net (fo=1, routed)           0.446     5.718    riscv_cpu_inst/IDEX_reg_inst/ex_mem_alu_data_out[25]_i_6_n_0
    SLICE_X42Y59         LUT5 (Prop_lut5_I4_O)        0.105     5.823 f  riscv_cpu_inst/IDEX_reg_inst/ex_mem_alu_data_out[25]_i_2/O
                         net (fo=1, routed)           0.000     5.823    riscv_cpu_inst/IDEX_reg_inst/ex_mem_alu_data_out[25]_i_2_n_0
    SLICE_X42Y59         MUXF7 (Prop_muxf7_I0_O)      0.173     5.996 f  riscv_cpu_inst/IDEX_reg_inst/ex_mem_alu_data_out_reg[25]_i_1/O
                         net (fo=3, routed)           0.677     6.672    riscv_cpu_inst/IDEX_reg_inst/alu_data_out[25]
    SLICE_X43Y60         LUT4 (Prop_lut4_I0_O)        0.241     6.913 f  riscv_cpu_inst/IDEX_reg_inst/branch_target_pc_r[31]_i_20/O
                         net (fo=2, routed)           0.356     7.269    riscv_cpu_inst/IDEX_reg_inst/branch_target_pc_r[31]_i_20_n_0
    SLICE_X44Y61         LUT5 (Prop_lut5_I4_O)        0.105     7.374 r  riscv_cpu_inst/IDEX_reg_inst/branch_target_pc_r[31]_i_12/O
                         net (fo=1, routed)           0.237     7.611    riscv_cpu_inst/IDEX_reg_inst/branch_target_pc_r[31]_i_12_n_0
    SLICE_X47Y61         LUT4 (Prop_lut4_I1_O)        0.105     7.716 r  riscv_cpu_inst/IDEX_reg_inst/branch_target_pc_r[31]_i_5/O
                         net (fo=1, routed)           0.113     7.829    riscv_cpu_inst/IDEX_reg_inst/alu_zero_flag
    SLICE_X47Y61         LUT6 (Prop_lut6_I3_O)        0.105     7.934 r  riscv_cpu_inst/IDEX_reg_inst/branch_target_pc_r[31]_i_1/O
                         net (fo=32, routed)          0.478     8.412    riscv_cpu_inst/branch_taken_ex
    SLICE_X43Y59         FDRE                                         r  riscv_cpu_inst/branch_target_pc_r_reg[26]/CE
  -------------------------------------------------------------------    -------------------

                         (clock clk_cpu_clk_wiz_sys_1 rise edge)
                                                     10.000    10.000 r  
    Y22                                               0.000    10.000 r  CLK_FPGA (IN)
                         net (fo=0)                   0.000    10.000    clk_wiz_sys_inst/inst/clk_in1
    Y22                  IBUF (Prop_ibuf_I_O)         0.789    10.789 r  clk_wiz_sys_inst/inst/clkin1_ibufg/O
                         net (fo=1, routed)           1.004    11.793    clk_wiz_sys_inst/inst/clk_in1_clk_wiz_sys
    MMCME2_ADV_X0Y0      MMCME2_ADV (Prop_mmcme2_adv_CLKIN1_CLKOUT0)
                                                     -6.363     5.430 r  clk_wiz_sys_inst/inst/mmcm_adv_inst/CLKOUT0
                         net (fo=1, routed)           1.633     7.063    clk_wiz_sys_inst/inst/clk_cpu_clk_wiz_sys
    BUFGCTRL_X0Y0        BUFG (Prop_bufg_I_O)         0.077     7.140 r  clk_wiz_sys_inst/inst/clkout1_buf/O
                         net (fo=1963, routed)        1.267     8.407    riscv_cpu_inst/clk_cpu
    SLICE_X43Y59         FDRE                                         r  riscv_cpu_inst/branch_target_pc_r_reg[26]/C
                         clock pessimism              0.469     8.875    
                         clock uncertainty           -0.074     8.802    
    SLICE_X43Y59         FDRE (Setup_fdre_C_CE)      -0.168     8.634    riscv_cpu_inst/branch_target_pc_r_reg[26]
  -------------------------------------------------------------------
                         required time                          8.634    
                         arrival time                          -8.412    
  -------------------------------------------------------------------
                         slack                                  0.222    

Slack (MET) :             0.222ns  (required time - arrival time)
  Source:                 riscv_cpu_inst/EXMEM_reg_inst/ex_mem_reg_wr_idx_reg[4]/C
                            (rising edge-triggered cell FDRE clocked by clk_cpu_clk_wiz_sys_1  {rise@0.000ns fall@5.000ns period=10.000ns})
  Destination:            riscv_cpu_inst/branch_target_pc_r_reg[8]/CE
                            (rising edge-triggered cell FDRE clocked by clk_cpu_clk_wiz_sys_1  {rise@0.000ns fall@5.000ns period=10.000ns})
  Path Group:             clk_cpu_clk_wiz_sys_1
  Path Type:              Setup (Max at Slow Process Corner)
  Requirement:            10.000ns  (clk_cpu_clk_wiz_sys_1 rise@10.000ns - clk_cpu_clk_wiz_sys_1 rise@0.000ns)
  Data Path Delay:        9.490ns  (logic 3.386ns (35.680%)  route 6.104ns (64.320%))
  Logic Levels:           18  (CARRY4=5 LUT2=2 LUT3=1 LUT4=3 LUT5=2 LUT6=4 MUXF7=1)
  Clock Path Skew:        -0.047ns (DCD - SCD + CPR)
    Destination Clock Delay (DCD):    -1.593ns = ( 8.407 - 10.000 ) 
    Source Clock Delay      (SCD):    -1.078ns
    Clock Pessimism Removal (CPR):    0.469ns
  Clock Uncertainty:      0.074ns  ((TSJ^2 + DJ^2)^1/2) / 2 + PE
    Total System Jitter     (TSJ):    0.071ns
    Discrete Jitter          (DJ):    0.129ns
    Phase Error              (PE):    0.000ns

    Location             Delay type                Incr(ns)  Path(ns)    Netlist Resource(s)
  -------------------------------------------------------------------    -------------------
                         (clock clk_cpu_clk_wiz_sys_1 rise edge)
                                                      0.000     0.000 r  
    Y22                                               0.000     0.000 r  CLK_FPGA (IN)
                         net (fo=0)                   0.000     0.000    clk_wiz_sys_inst/inst/clk_in1
    Y22                  IBUF (Prop_ibuf_I_O)         0.920     0.920 r  clk_wiz_sys_inst/inst/clkin1_ibufg/O
                         net (fo=1, routed)           1.065     1.986    clk_wiz_sys_inst/inst/clk_in1_clk_wiz_sys
    MMCME2_ADV_X0Y0      MMCME2_ADV (Prop_mmcme2_adv_CLKIN1_CLKOUT0)
                                                     -6.238    -4.252 r  clk_wiz_sys_inst/inst/mmcm_adv_inst/CLKOUT0
                         net (fo=1, routed)           1.714    -2.538    clk_wiz_sys_inst/inst/clk_cpu_clk_wiz_sys
    BUFGCTRL_X0Y0        BUFG (Prop_bufg_I_O)         0.081    -2.457 r  clk_wiz_sys_inst/inst/clkout1_buf/O
                         net (fo=1963, routed)        1.380    -1.078    riscv_cpu_inst/EXMEM_reg_inst/clk_cpu
    SLICE_X40Y55         FDRE                                         r  riscv_cpu_inst/EXMEM_reg_inst/ex_mem_reg_wr_idx_reg[4]/C
  -------------------------------------------------------------------    -------------------
    SLICE_X40Y55         FDRE (Prop_fdre_C_Q)         0.348    -0.730 f  riscv_cpu_inst/EXMEM_reg_inst/ex_mem_reg_wr_idx_reg[4]/Q
                         net (fo=5, routed)           0.692    -0.037    riscv_cpu_inst/EXMEM_reg_inst/ex_mem_reg_wr_idx_reg[4]_0[4]
    SLICE_X40Y53         LUT6 (Prop_lut6_I3_O)        0.242     0.205 f  riscv_cpu_inst/EXMEM_reg_inst/ex_mem_reg_rd_dout_2[31]_i_5/O
                         net (fo=2, routed)           0.240     0.445    riscv_cpu_inst/EXMEM_reg_inst/riscv_hazard_unit_inst/p_7_in
    SLICE_X40Y54         LUT6 (Prop_lut6_I0_O)        0.105     0.550 f  riscv_cpu_inst/EXMEM_reg_inst/ex_mem_reg_rd_dout_2[31]_i_2/O
                         net (fo=34, routed)          0.578     1.128    riscv_cpu_inst/EXMEM_reg_inst/forward_b12_out
    SLICE_X40Y54         LUT2 (Prop_lut2_I0_O)        0.124     1.252 f  riscv_cpu_inst/EXMEM_reg_inst/ex_mem_reg_rd_dout_2[31]_i_3/O
                         net (fo=28, routed)          0.619     1.871    riscv_cpu_inst/EXMEM_reg_inst/ex_mem_reg_rd_dout_2[31]_i_3_n_0
    SLICE_X40Y55         LUT6 (Prop_lut6_I3_O)        0.274     2.145 r  riscv_cpu_inst/EXMEM_reg_inst/ex_mem_reg_rd_dout_2[8]_i_1/O
                         net (fo=2, routed)           0.518     2.663    riscv_cpu_inst/IDEX_reg_inst/D[8]
    SLICE_X46Y52         LUT3 (Prop_lut3_I1_O)        0.105     2.768 r  riscv_cpu_inst/IDEX_reg_inst/ex_mem_alu_data_out[8]_i_7/O
                         net (fo=8, routed)           0.558     3.325    riscv_cpu_inst/IDEX_reg_inst/alu_operand_b[8]
    SLICE_X49Y56         LUT2 (Prop_lut2_I1_O)        0.105     3.430 r  riscv_cpu_inst/IDEX_reg_inst/ex_mem_alu_data_out[11]_i_21/O
                         net (fo=1, routed)           0.000     3.430    riscv_cpu_inst/IDEX_reg_inst/ex_mem_alu_data_out[11]_i_21_n_0
    SLICE_X49Y56         CARRY4 (Prop_carry4_S[0]_CO[3])
                                                      0.440     3.870 r  riscv_cpu_inst/IDEX_reg_inst/ex_mem_alu_data_out_reg[11]_i_12/CO[3]
                         net (fo=1, routed)           0.000     3.870    riscv_cpu_inst/IDEX_reg_inst/ex_mem_alu_data_out_reg[11]_i_12_n_0
    SLICE_X49Y57         CARRY4 (Prop_carry4_CI_CO[3])
                                                      0.098     3.968 r  riscv_cpu_inst/IDEX_reg_inst/ex_mem_alu_data_out_reg[15]_i_12/CO[3]
                         net (fo=1, routed)           0.000     3.968    riscv_cpu_inst/IDEX_reg_inst/ex_mem_alu_data_out_reg[15]_i_12_n_0
    SLICE_X49Y58         CARRY4 (Prop_carry4_CI_CO[3])
                                                      0.098     4.066 r  riscv_cpu_inst/IDEX_reg_inst/ex_mem_alu_data_out_reg[19]_i_12/CO[3]
                         net (fo=1, routed)           0.000     4.066    riscv_cpu_inst/IDEX_reg_inst/ex_mem_alu_data_out_reg[19]_i_12_n_0
    SLICE_X49Y59         CARRY4 (Prop_carry4_CI_CO[3])
                                                      0.098     4.164 r  riscv_cpu_inst/IDEX_reg_inst/ex_mem_alu_data_out_reg[23]_i_12/CO[3]
                         net (fo=1, routed)           0.000     4.164    riscv_cpu_inst/IDEX_reg_inst/ex_mem_alu_data_out_reg[23]_i_12_n_0
    SLICE_X49Y60         CARRY4 (Prop_carry4_CI_O[1])
                                                      0.265     4.429 f  riscv_cpu_inst/IDEX_reg_inst/ex_mem_alu_data_out_reg[27]_i_12/O[1]
                         net (fo=1, routed)           0.592     5.021    riscv_cpu_inst/IDEX_reg_inst/riscv_alu_inst/data0[25]
    SLICE_X42Y60         LUT4 (Prop_lut4_I0_O)        0.250     5.271 f  riscv_cpu_inst/IDEX_reg_inst/ex_mem_alu_data_out[25]_i_6/O
                         net (fo=1, routed)           0.446     5.718    riscv_cpu_inst/IDEX_reg_inst/ex_mem_alu_data_out[25]_i_6_n_0
    SLICE_X42Y59         LUT5 (Prop_lut5_I4_O)        0.105     5.823 f  riscv_cpu_inst/IDEX_reg_inst/ex_mem_alu_data_out[25]_i_2/O
                         net (fo=1, routed)           0.000     5.823    riscv_cpu_inst/IDEX_reg_inst/ex_mem_alu_data_out[25]_i_2_n_0
    SLICE_X42Y59         MUXF7 (Prop_muxf7_I0_O)      0.173     5.996 f  riscv_cpu_inst/IDEX_reg_inst/ex_mem_alu_data_out_reg[25]_i_1/O
                         net (fo=3, routed)           0.677     6.672    riscv_cpu_inst/IDEX_reg_inst/alu_data_out[25]
    SLICE_X43Y60         LUT4 (Prop_lut4_I0_O)        0.241     6.913 f  riscv_cpu_inst/IDEX_reg_inst/branch_target_pc_r[31]_i_20/O
                         net (fo=2, routed)           0.356     7.269    riscv_cpu_inst/IDEX_reg_inst/branch_target_pc_r[31]_i_20_n_0
    SLICE_X44Y61         LUT5 (Prop_lut5_I4_O)        0.105     7.374 r  riscv_cpu_inst/IDEX_reg_inst/branch_target_pc_r[31]_i_12/O
                         net (fo=1, routed)           0.237     7.611    riscv_cpu_inst/IDEX_reg_inst/branch_target_pc_r[31]_i_12_n_0
    SLICE_X47Y61         LUT4 (Prop_lut4_I1_O)        0.105     7.716 r  riscv_cpu_inst/IDEX_reg_inst/branch_target_pc_r[31]_i_5/O
                         net (fo=1, routed)           0.113     7.829    riscv_cpu_inst/IDEX_reg_inst/alu_zero_flag
    SLICE_X47Y61         LUT6 (Prop_lut6_I3_O)        0.105     7.934 r  riscv_cpu_inst/IDEX_reg_inst/branch_target_pc_r[31]_i_1/O
                         net (fo=32, routed)          0.478     8.412    riscv_cpu_inst/branch_taken_ex
    SLICE_X43Y59         FDRE                                         r  riscv_cpu_inst/branch_target_pc_r_reg[8]/CE
  -------------------------------------------------------------------    -------------------

                         (clock clk_cpu_clk_wiz_sys_1 rise edge)
                                                     10.000    10.000 r  
    Y22                                               0.000    10.000 r  CLK_FPGA (IN)
                         net (fo=0)                   0.000    10.000    clk_wiz_sys_inst/inst/clk_in1
    Y22                  IBUF (Prop_ibuf_I_O)         0.789    10.789 r  clk_wiz_sys_inst/inst/clkin1_ibufg/O
                         net (fo=1, routed)           1.004    11.793    clk_wiz_sys_inst/inst/clk_in1_clk_wiz_sys
    MMCME2_ADV_X0Y0      MMCME2_ADV (Prop_mmcme2_adv_CLKIN1_CLKOUT0)
                                                     -6.363     5.430 r  clk_wiz_sys_inst/inst/mmcm_adv_inst/CLKOUT0
                         net (fo=1, routed)           1.633     7.063    clk_wiz_sys_inst/inst/clk_cpu_clk_wiz_sys
    BUFGCTRL_X0Y0        BUFG (Prop_bufg_I_O)         0.077     7.140 r  clk_wiz_sys_inst/inst/clkout1_buf/O
                         net (fo=1963, routed)        1.267     8.407    riscv_cpu_inst/clk_cpu
    SLICE_X43Y59         FDRE                                         r  riscv_cpu_inst/branch_target_pc_r_reg[8]/C
                         clock pessimism              0.469     8.875    
                         clock uncertainty           -0.074     8.802    
    SLICE_X43Y59         FDRE (Setup_fdre_C_CE)      -0.168     8.634    riscv_cpu_inst/branch_target_pc_r_reg[8]
  -------------------------------------------------------------------
                         required time                          8.634    
                         arrival time                          -8.412    
  -------------------------------------------------------------------
                         slack                                  0.222    





Min Delay Paths
--------------------------------------------------------------------------------------
Slack (MET) :             0.120ns  (arrival time - required time)
  Source:                 riscv_cpu_inst/IFID_reg_inst/pc_out_reg[2]/C
                            (rising edge-triggered cell FDRE clocked by clk_cpu_clk_wiz_sys_1  {rise@0.000ns fall@5.000ns period=10.000ns})
  Destination:            riscv_cpu_inst/IDEX_reg_inst/id_ex_pc_i_reg[2]/D
                            (rising edge-triggered cell FDRE clocked by clk_cpu_clk_wiz_sys_1  {rise@0.000ns fall@5.000ns period=10.000ns})
  Path Group:             clk_cpu_clk_wiz_sys_1
  Path Type:              Hold (Min at Fast Process Corner)
  Requirement:            0.000ns  (clk_cpu_clk_wiz_sys_1 rise@0.000ns - clk_cpu_clk_wiz_sys_1 rise@0.000ns)
  Data Path Delay:        0.400ns  (logic 0.128ns (32.030%)  route 0.272ns (67.970%))
  Logic Levels:           0  
  Clock Path Skew:        0.264ns (DCD - SCD - CPR)
    Destination Clock Delay (DCD):    -0.858ns
    Source Clock Delay      (SCD):    -0.619ns
    Clock Pessimism Removal (CPR):    -0.502ns

    Location             Delay type                Incr(ns)  Path(ns)    Netlist Resource(s)
  -------------------------------------------------------------------    -------------------
                         (clock clk_cpu_clk_wiz_sys_1 rise edge)
                                                      0.000     0.000 r  
    Y22                                               0.000     0.000 r  CLK_FPGA (IN)
                         net (fo=0)                   0.000     0.000    clk_wiz_sys_inst/inst/clk_in1
    Y22                  IBUF (Prop_ibuf_I_O)         0.217     0.217 r  clk_wiz_sys_inst/inst/clkin1_ibufg/O
                         net (fo=1, routed)           0.440     0.657    clk_wiz_sys_inst/inst/clk_in1_clk_wiz_sys
    MMCME2_ADV_X0Y0      MMCME2_ADV (Prop_mmcme2_adv_CLKIN1_CLKOUT0)
                                                     -2.514    -1.857 r  clk_wiz_sys_inst/inst/mmcm_adv_inst/CLKOUT0
                         net (fo=1, routed)           0.648    -1.209    clk_wiz_sys_inst/inst/clk_cpu_clk_wiz_sys
    BUFGCTRL_X0Y0        BUFG (Prop_bufg_I_O)         0.026    -1.183 r  clk_wiz_sys_inst/inst/clkout1_buf/O
                         net (fo=1963, routed)        0.564    -0.619    riscv_cpu_inst/IFID_reg_inst/clk_cpu
    SLICE_X57Y52         FDRE                                         r  riscv_cpu_inst/IFID_reg_inst/pc_out_reg[2]/C
  -------------------------------------------------------------------    -------------------
    SLICE_X57Y52         FDRE (Prop_fdre_C_Q)         0.128    -0.491 r  riscv_cpu_inst/IFID_reg_inst/pc_out_reg[2]/Q
                         net (fo=3, routed)           0.272    -0.220    riscv_cpu_inst/IDEX_reg_inst/id_ex_pc_i_reg[31]_0[2]
    SLICE_X51Y53         FDRE                                         r  riscv_cpu_inst/IDEX_reg_inst/id_ex_pc_i_reg[2]/D
  -------------------------------------------------------------------    -------------------

                         (clock clk_cpu_clk_wiz_sys_1 rise edge)
                                                      0.000     0.000 r  
    Y22                                               0.000     0.000 r  CLK_FPGA (IN)
                         net (fo=0)                   0.000     0.000    clk_wiz_sys_inst/inst/clk_in1
    Y22                  IBUF (Prop_ibuf_I_O)         0.406     0.406 r  clk_wiz_sys_inst/inst/clkin1_ibufg/O
                         net (fo=1, routed)           0.480     0.886    clk_wiz_sys_inst/inst/clk_in1_clk_wiz_sys
    MMCME2_ADV_X0Y0      MMCME2_ADV (Prop_mmcme2_adv_CLKIN1_CLKOUT0)
                                                     -3.306    -2.420 r  clk_wiz_sys_inst/inst/mmcm_adv_inst/CLKOUT0
                         net (fo=1, routed)           0.700    -1.719    clk_wiz_sys_inst/inst/clk_cpu_clk_wiz_sys
    BUFGCTRL_X0Y0        BUFG (Prop_bufg_I_O)         0.029    -1.690 r  clk_wiz_sys_inst/inst/clkout1_buf/O
                         net (fo=1963, routed)        0.833    -0.858    riscv_cpu_inst/IDEX_reg_inst/clk_cpu
    SLICE_X51Y53         FDRE                                         r  riscv_cpu_inst/IDEX_reg_inst/id_ex_pc_i_reg[2]/C
                         clock pessimism              0.502    -0.355    
    SLICE_X51Y53         FDRE (Hold_fdre_C_D)         0.016    -0.339    riscv_cpu_inst/IDEX_reg_inst/id_ex_pc_i_reg[2]
  -------------------------------------------------------------------
                         required time                          0.339    
                         arrival time                          -0.220    
  -------------------------------------------------------------------
                         slack                                  0.120    

Slack (MET) :             0.134ns  (arrival time - required time)
  Source:                 riscv_cpu_inst/fetch_buf_inst_reg[3]/C
                            (rising edge-triggered cell FDRE clocked by clk_cpu_clk_wiz_sys_1  {rise@0.000ns fall@5.000ns period=10.000ns})
  Destination:            riscv_cpu_inst/IFID_reg_inst/inst_out_reg[3]/D
                            (rising edge-triggered cell FDRE clocked by clk_cpu_clk_wiz_sys_1  {rise@0.000ns fall@5.000ns period=10.000ns})
  Path Group:             clk_cpu_clk_wiz_sys_1
  Path Type:              Hold (Min at Fast Process Corner)
  Requirement:            0.000ns  (clk_cpu_clk_wiz_sys_1 rise@0.000ns - clk_cpu_clk_wiz_sys_1 rise@0.000ns)
  Data Path Delay:        0.278ns  (logic 0.190ns (68.236%)  route 0.088ns (31.764%))
  Logic Levels:           1  (LUT3=1)
  Clock Path Skew:        0.013ns (DCD - SCD - CPR)
    Destination Clock Delay (DCD):    -0.789ns
    Source Clock Delay      (SCD):    -0.555ns
    Clock Pessimism Removal (CPR):    -0.247ns

    Location             Delay type                Incr(ns)  Path(ns)    Netlist Resource(s)
  -------------------------------------------------------------------    -------------------
                         (clock clk_cpu_clk_wiz_sys_1 rise edge)
                                                      0.000     0.000 r  
    Y22                                               0.000     0.000 r  CLK_FPGA (IN)
                         net (fo=0)                   0.000     0.000    clk_wiz_sys_inst/inst/clk_in1
    Y22                  IBUF (Prop_ibuf_I_O)         0.217     0.217 r  clk_wiz_sys_inst/inst/clkin1_ibufg/O
                         net (fo=1, routed)           0.440     0.657    clk_wiz_sys_inst/inst/clk_in1_clk_wiz_sys
    MMCME2_ADV_X0Y0      MMCME2_ADV (Prop_mmcme2_adv_CLKIN1_CLKOUT0)
                                                     -2.514    -1.857 r  clk_wiz_sys_inst/inst/mmcm_adv_inst/CLKOUT0
                         net (fo=1, routed)           0.648    -1.209    clk_wiz_sys_inst/inst/clk_cpu_clk_wiz_sys
    BUFGCTRL_X0Y0        BUFG (Prop_bufg_I_O)         0.026    -1.183 r  clk_wiz_sys_inst/inst/clkout1_buf/O
                         net (fo=1963, routed)        0.628    -0.555    riscv_cpu_inst/clk_cpu
    SLICE_X57Y42         FDRE                                         r  riscv_cpu_inst/fetch_buf_inst_reg[3]/C
  -------------------------------------------------------------------    -------------------
    SLICE_X57Y42         FDRE (Prop_fdre_C_Q)         0.141    -0.414 r  riscv_cpu_inst/fetch_buf_inst_reg[3]/Q
                         net (fo=1, routed)           0.088    -0.325    riscv_cpu_inst/IFID_reg_inst/inst_out_reg[31]_1[3]
    SLICE_X56Y42         LUT3 (Prop_lut3_I0_O)        0.049    -0.276 r  riscv_cpu_inst/IFID_reg_inst/inst_out[3]_i_1/O
                         net (fo=1, routed)           0.000    -0.276    riscv_cpu_inst/IFID_reg_inst/inst_in0[3]
    SLICE_X56Y42         FDRE                                         r  riscv_cpu_inst/IFID_reg_inst/inst_out_reg[3]/D
  -------------------------------------------------------------------    -------------------

                         (clock clk_cpu_clk_wiz_sys_1 rise edge)
                                                      0.000     0.000 r  
    Y22                                               0.000     0.000 r  CLK_FPGA (IN)
                         net (fo=0)                   0.000     0.000    clk_wiz_sys_inst/inst/clk_in1
    Y22                  IBUF (Prop_ibuf_I_O)         0.406     0.406 r  clk_wiz_sys_inst/inst/clkin1_ibufg/O
                         net (fo=1, routed)           0.480     0.886    clk_wiz_sys_inst/inst/clk_in1_clk_wiz_sys
    MMCME2_ADV_X0Y0      MMCME2_ADV (Prop_mmcme2_adv_CLKIN1_CLKOUT0)
                                                     -3.306    -2.420 r  clk_wiz_sys_inst/inst/mmcm_adv_inst/CLKOUT0
                         net (fo=1, routed)           0.700    -1.719    clk_wiz_sys_inst/inst/clk_cpu_clk_wiz_sys
    BUFGCTRL_X0Y0        BUFG (Prop_bufg_I_O)         0.029    -1.690 r  clk_wiz_sys_inst/inst/clkout1_buf/O
                         net (fo=1963, routed)        0.902    -0.789    riscv_cpu_inst/IFID_reg_inst/clk_cpu
    SLICE_X56Y42         FDRE                                         r  riscv_cpu_inst/IFID_reg_inst/inst_out_reg[3]/C
                         clock pessimism              0.247    -0.542    
    SLICE_X56Y42         FDRE (Hold_fdre_C_D)         0.131    -0.411    riscv_cpu_inst/IFID_reg_inst/inst_out_reg[3]
  -------------------------------------------------------------------
                         required time                          0.411    
                         arrival time                          -0.276    
  -------------------------------------------------------------------
                         slack                                  0.134    

Slack (MET) :             0.139ns  (arrival time - required time)
  Source:                 riscv_cpu_inst/fetch_buf_pc_reg[0]/C
                            (rising edge-triggered cell FDRE clocked by clk_cpu_clk_wiz_sys_1  {rise@0.000ns fall@5.000ns period=10.000ns})
  Destination:            riscv_cpu_inst/IFID_reg_inst/pc_out_reg[0]/D
                            (rising edge-triggered cell FDRE clocked by clk_cpu_clk_wiz_sys_1  {rise@0.000ns fall@5.000ns period=10.000ns})
  Path Group:             clk_cpu_clk_wiz_sys_1
  Path Type:              Hold (Min at Fast Process Corner)
  Requirement:            0.000ns  (clk_cpu_clk_wiz_sys_1 rise@0.000ns - clk_cpu_clk_wiz_sys_1 rise@0.000ns)
  Data Path Delay:        0.272ns  (logic 0.186ns (68.270%)  route 0.086ns (31.730%))
  Logic Levels:           1  (LUT3=1)
  Clock Path Skew:        0.013ns (DCD - SCD - CPR)
    Destination Clock Delay (DCD):    -0.853ns
    Source Clock Delay      (SCD):    -0.616ns
    Clock Pessimism Removal (CPR):    -0.249ns

    Location             Delay type                Incr(ns)  Path(ns)    Netlist Resource(s)
  -------------------------------------------------------------------    -------------------
                         (clock clk_cpu_clk_wiz_sys_1 rise edge)
                                                      0.000     0.000 r  
    Y22                                               0.000     0.000 r  CLK_FPGA (IN)
                         net (fo=0)                   0.000     0.000    clk_wiz_sys_inst/inst/clk_in1
    Y22                  IBUF (Prop_ibuf_I_O)         0.217     0.217 r  clk_wiz_sys_inst/inst/clkin1_ibufg/O
                         net (fo=1, routed)           0.440     0.657    clk_wiz_sys_inst/inst/clk_in1_clk_wiz_sys
    MMCME2_ADV_X0Y0      MMCME2_ADV (Prop_mmcme2_adv_CLKIN1_CLKOUT0)
                                                     -2.514    -1.857 r  clk_wiz_sys_inst/inst/mmcm_adv_inst/CLKOUT0
                         net (fo=1, routed)           0.648    -1.209    clk_wiz_sys_inst/inst/clk_cpu_clk_wiz_sys
    BUFGCTRL_X0Y0        BUFG (Prop_bufg_I_O)         0.026    -1.183 r  clk_wiz_sys_inst/inst/clkout1_buf/O
                         net (fo=1963, routed)        0.567    -0.616    riscv_cpu_inst/clk_cpu
    SLICE_X63Y52         FDRE                                         r  riscv_cpu_inst/fetch_buf_pc_reg[0]/C
  -------------------------------------------------------------------    -------------------
    SLICE_X63Y52         FDRE (Prop_fdre_C_Q)         0.141    -0.475 r  riscv_cpu_inst/fetch_buf_pc_reg[0]/Q
                         net (fo=1, routed)           0.086    -0.389    riscv_cpu_inst/IFID_reg_inst/pc_out_reg[31]_1[0]
    SLICE_X62Y52         LUT3 (Prop_lut3_I0_O)        0.045    -0.344 r  riscv_cpu_inst/IFID_reg_inst/pc_out[0]_i_1/O
                         net (fo=1, routed)           0.000    -0.344    riscv_cpu_inst/IFID_reg_inst/pc_in0[0]
    SLICE_X62Y52         FDRE                                         r  riscv_cpu_inst/IFID_reg_inst/pc_out_reg[0]/D
  -------------------------------------------------------------------    -------------------

                         (clock clk_cpu_clk_wiz_sys_1 rise edge)
                                                      0.000     0.000 r  
    Y22                                               0.000     0.000 r  CLK_FPGA (IN)
                         net (fo=0)                   0.000     0.000    clk_wiz_sys_inst/inst/clk_in1
    Y22                  IBUF (Prop_ibuf_I_O)         0.406     0.406 r  clk_wiz_sys_inst/inst/clkin1_ibufg/O
                         net (fo=1, routed)           0.480     0.886    clk_wiz_sys_inst/inst/clk_in1_clk_wiz_sys
    MMCME2_ADV_X0Y0      MMCME2_ADV (Prop_mmcme2_adv_CLKIN1_CLKOUT0)
                                                     -3.306    -2.420 r  clk_wiz_sys_inst/inst/mmcm_adv_inst/CLKOUT0
                         net (fo=1, routed)           0.700    -1.719    clk_wiz_sys_inst/inst/clk_cpu_clk_wiz_sys
    BUFGCTRL_X0Y0        BUFG (Prop_bufg_I_O)         0.029    -1.690 r  clk_wiz_sys_inst/inst/clkout1_buf/O
                         net (fo=1963, routed)        0.838    -0.853    riscv_cpu_inst/IFID_reg_inst/clk_cpu
    SLICE_X62Y52         FDRE                                         r  riscv_cpu_inst/IFID_reg_inst/pc_out_reg[0]/C
                         clock pessimism              0.249    -0.603    
    SLICE_X62Y52         FDRE (Hold_fdre_C_D)         0.120    -0.483    riscv_cpu_inst/IFID_reg_inst/pc_out_reg[0]
  -------------------------------------------------------------------
                         required time                          0.483    
                         arrival time                          -0.344    
  -------------------------------------------------------------------
                         slack                                  0.139    

Slack (MET) :             0.139ns  (arrival time - required time)
  Source:                 riscv_cpu_inst/fetch_buf_inst_reg[5]/C
                            (rising edge-triggered cell FDRE clocked by clk_cpu_clk_wiz_sys_1  {rise@0.000ns fall@5.000ns period=10.000ns})
  Destination:            riscv_cpu_inst/IFID_reg_inst/inst_out_reg[5]/D
                            (rising edge-triggered cell FDRE clocked by clk_cpu_clk_wiz_sys_1  {rise@0.000ns fall@5.000ns period=10.000ns})
  Path Group:             clk_cpu_clk_wiz_sys_1
  Path Type:              Hold (Min at Fast Process Corner)
  Requirement:            0.000ns  (clk_cpu_clk_wiz_sys_1 rise@0.000ns - clk_cpu_clk_wiz_sys_1 rise@0.000ns)
  Data Path Delay:        0.272ns  (logic 0.186ns (68.270%)  route 0.086ns (31.730%))
  Logic Levels:           1  (LUT3=1)
  Clock Path Skew:        0.013ns (DCD - SCD - CPR)
    Destination Clock Delay (DCD):    -0.787ns
    Source Clock Delay      (SCD):    -0.554ns
    Clock Pessimism Removal (CPR):    -0.246ns

    Location             Delay type                Incr(ns)  Path(ns)    Netlist Resource(s)
  -------------------------------------------------------------------    -------------------
                         (clock clk_cpu_clk_wiz_sys_1 rise edge)
                                                      0.000     0.000 r  
    Y22                                               0.000     0.000 r  CLK_FPGA (IN)
                         net (fo=0)                   0.000     0.000    clk_wiz_sys_inst/inst/clk_in1
    Y22                  IBUF (Prop_ibuf_I_O)         0.217     0.217 r  clk_wiz_sys_inst/inst/clkin1_ibufg/O
                         net (fo=1, routed)           0.440     0.657    clk_wiz_sys_inst/inst/clk_in1_clk_wiz_sys
    MMCME2_ADV_X0Y0      MMCME2_ADV (Prop_mmcme2_adv_CLKIN1_CLKOUT0)
                                                     -2.514    -1.857 r  clk_wiz_sys_inst/inst/mmcm_adv_inst/CLKOUT0
                         net (fo=1, routed)           0.648    -1.209    clk_wiz_sys_inst/inst/clk_cpu_clk_wiz_sys
    BUFGCTRL_X0Y0        BUFG (Prop_bufg_I_O)         0.026    -1.183 r  clk_wiz_sys_inst/inst/clkout1_buf/O
                         net (fo=1963, routed)        0.629    -0.554    riscv_cpu_inst/clk_cpu
    SLICE_X47Y41         FDRE                                         r  riscv_cpu_inst/fetch_buf_inst_reg[5]/C
  -------------------------------------------------------------------    -------------------
    SLICE_X47Y41         FDRE (Prop_fdre_C_Q)         0.141    -0.413 r  riscv_cpu_inst/fetch_buf_inst_reg[5]/Q
                         net (fo=1, routed)           0.086    -0.326    riscv_cpu_inst/IFID_reg_inst/inst_out_reg[31]_1[5]
    SLICE_X46Y41         LUT3 (Prop_lut3_I0_O)        0.045    -0.281 r  riscv_cpu_inst/IFID_reg_inst/inst_out[5]_i_1/O
                         net (fo=1, routed)           0.000    -0.281    riscv_cpu_inst/IFID_reg_inst/inst_in0[5]
    SLICE_X46Y41         FDRE                                         r  riscv_cpu_inst/IFID_reg_inst/inst_out_reg[5]/D
  -------------------------------------------------------------------    -------------------

                         (clock clk_cpu_clk_wiz_sys_1 rise edge)
                                                      0.000     0.000 r  
    Y22                                               0.000     0.000 r  CLK_FPGA (IN)
                         net (fo=0)                   0.000     0.000    clk_wiz_sys_inst/inst/clk_in1
    Y22                  IBUF (Prop_ibuf_I_O)         0.406     0.406 r  clk_wiz_sys_inst/inst/clkin1_ibufg/O
                         net (fo=1, routed)           0.480     0.886    clk_wiz_sys_inst/inst/clk_in1_clk_wiz_sys
    MMCME2_ADV_X0Y0      MMCME2_ADV (Prop_mmcme2_adv_CLKIN1_CLKOUT0)
                                                     -3.306    -2.420 r  clk_wiz_sys_inst/inst/mmcm_adv_inst/CLKOUT0
                         net (fo=1, routed)           0.700    -1.719    clk_wiz_sys_inst/inst/clk_cpu_clk_wiz_sys
    BUFGCTRL_X0Y0        BUFG (Prop_bufg_I_O)         0.029    -1.690 r  clk_wiz_sys_inst/inst/clkout1_buf/O
                         net (fo=1963, routed)        0.904    -0.787    riscv_cpu_inst/IFID_reg_inst/clk_cpu
    SLICE_X46Y41         FDRE                                         r  riscv_cpu_inst/IFID_reg_inst/inst_out_reg[5]/C
                         clock pessimism              0.246    -0.541    
    SLICE_X46Y41         FDRE (Hold_fdre_C_D)         0.120    -0.421    riscv_cpu_inst/IFID_reg_inst/inst_out_reg[5]
  -------------------------------------------------------------------
                         required time                          0.421    
                         arrival time                          -0.281    
  -------------------------------------------------------------------
                         slack                                  0.139    

Slack (MET) :             0.139ns  (arrival time - required time)
  Source:                 riscv_cpu_inst/mem_wait_pc_gen_data_reg[13]/C
                            (rising edge-triggered cell FDRE clocked by clk_cpu_clk_wiz_sys_1  {rise@0.000ns fall@5.000ns period=10.000ns})
  Destination:            riscv_cpu_inst/MEMWB_reg_inst/mem_wb_pc_gen_data_reg[13]/D
                            (rising edge-triggered cell FDRE clocked by clk_cpu_clk_wiz_sys_1  {rise@0.000ns fall@5.000ns period=10.000ns})
  Path Group:             clk_cpu_clk_wiz_sys_1
  Path Type:              Hold (Min at Fast Process Corner)
  Requirement:            0.000ns  (clk_cpu_clk_wiz_sys_1 rise@0.000ns - clk_cpu_clk_wiz_sys_1 rise@0.000ns)
  Data Path Delay:        0.272ns  (logic 0.186ns (68.270%)  route 0.086ns (31.730%))
  Logic Levels:           1  (LUT3=1)
  Clock Path Skew:        0.013ns (DCD - SCD - CPR)
    Destination Clock Delay (DCD):    -0.860ns
    Source Clock Delay      (SCD):    -0.622ns
    Clock Pessimism Removal (CPR):    -0.250ns

    Location             Delay type                Incr(ns)  Path(ns)    Netlist Resource(s)
  -------------------------------------------------------------------    -------------------
                         (clock clk_cpu_clk_wiz_sys_1 rise edge)
                                                      0.000     0.000 r  
    Y22                                               0.000     0.000 r  CLK_FPGA (IN)
                         net (fo=0)                   0.000     0.000    clk_wiz_sys_inst/inst/clk_in1
    Y22                  IBUF (Prop_ibuf_I_O)         0.217     0.217 r  clk_wiz_sys_inst/inst/clkin1_ibufg/O
                         net (fo=1, routed)           0.440     0.657    clk_wiz_sys_inst/inst/clk_in1_clk_wiz_sys
    MMCME2_ADV_X0Y0      MMCME2_ADV (Prop_mmcme2_adv_CLKIN1_CLKOUT0)
                                                     -2.514    -1.857 r  clk_wiz_sys_inst/inst/mmcm_adv_inst/CLKOUT0
                         net (fo=1, routed)           0.648    -1.209    clk_wiz_sys_inst/inst/clk_cpu_clk_wiz_sys
    BUFGCTRL_X0Y0        BUFG (Prop_bufg_I_O)         0.026    -1.183 r  clk_wiz_sys_inst/inst/clkout1_buf/O
                         net (fo=1963, routed)        0.561    -0.622    riscv_cpu_inst/clk_cpu
    SLICE_X57Y60         FDRE                                         r  riscv_cpu_inst/mem_wait_pc_gen_data_reg[13]/C
  -------------------------------------------------------------------    -------------------
    SLICE_X57Y60         FDRE (Prop_fdre_C_Q)         0.141    -0.481 r  riscv_cpu_inst/mem_wait_pc_gen_data_reg[13]/Q
                         net (fo=1, routed)           0.086    -0.395    riscv_cpu_inst/EXMEM_reg_inst/mem_wb_pc_gen_data_reg[31][13]
    SLICE_X56Y60         LUT3 (Prop_lut3_I0_O)        0.045    -0.350 r  riscv_cpu_inst/EXMEM_reg_inst/mem_wb_pc_gen_data[13]_i_1/O
                         net (fo=1, routed)           0.000    -0.350    riscv_cpu_inst/MEMWB_reg_inst/mem_wb_pc_gen_data_reg[31]_1[13]
    SLICE_X56Y60         FDRE                                         r  riscv_cpu_inst/MEMWB_reg_inst/mem_wb_pc_gen_data_reg[13]/D
  -------------------------------------------------------------------    -------------------

                         (clock clk_cpu_clk_wiz_sys_1 rise edge)
                                                      0.000     0.000 r  
    Y22                                               0.000     0.000 r  CLK_FPGA (IN)
                         net (fo=0)                   0.000     0.000    clk_wiz_sys_inst/inst/clk_in1
    Y22                  IBUF (Prop_ibuf_I_O)         0.406     0.406 r  clk_wiz_sys_inst/inst/clkin1_ibufg/O
                         net (fo=1, routed)           0.480     0.886    clk_wiz_sys_inst/inst/clk_in1_clk_wiz_sys
    MMCME2_ADV_X0Y0      MMCME2_ADV (Prop_mmcme2_adv_CLKIN1_CLKOUT0)
                                                     -3.306    -2.420 r  clk_wiz_sys_inst/inst/mmcm_adv_inst/CLKOUT0
                         net (fo=1, routed)           0.700    -1.719    clk_wiz_sys_inst/inst/clk_cpu_clk_wiz_sys
    BUFGCTRL_X0Y0        BUFG (Prop_bufg_I_O)         0.029    -1.690 r  clk_wiz_sys_inst/inst/clkout1_buf/O
                         net (fo=1963, routed)        0.831    -0.860    riscv_cpu_inst/MEMWB_reg_inst/clk_cpu
    SLICE_X56Y60         FDRE                                         r  riscv_cpu_inst/MEMWB_reg_inst/mem_wb_pc_gen_data_reg[13]/C
                         clock pessimism              0.250    -0.609    
    SLICE_X56Y60         FDRE (Hold_fdre_C_D)         0.120    -0.489    riscv_cpu_inst/MEMWB_reg_inst/mem_wb_pc_gen_data_reg[13]
  -------------------------------------------------------------------
                         required time                          0.489    
                         arrival time                          -0.350    
  -------------------------------------------------------------------
                         slack                                  0.139    

Slack (MET) :             0.139ns  (arrival time - required time)
  Source:                 riscv_cpu_inst/mem_wait_pc_gen_data_reg[7]/C
                            (rising edge-triggered cell FDRE clocked by clk_cpu_clk_wiz_sys_1  {rise@0.000ns fall@5.000ns period=10.000ns})
  Destination:            riscv_cpu_inst/MEMWB_reg_inst/mem_wb_pc_gen_data_reg[7]/D
                            (rising edge-triggered cell FDRE clocked by clk_cpu_clk_wiz_sys_1  {rise@0.000ns fall@5.000ns period=10.000ns})
  Path Group:             clk_cpu_clk_wiz_sys_1
  Path Type:              Hold (Min at Fast Process Corner)
  Requirement:            0.000ns  (clk_cpu_clk_wiz_sys_1 rise@0.000ns - clk_cpu_clk_wiz_sys_1 rise@0.000ns)
  Data Path Delay:        0.272ns  (logic 0.186ns (68.270%)  route 0.086ns (31.730%))
  Logic Levels:           1  (LUT3=1)
  Clock Path Skew:        0.013ns (DCD - SCD - CPR)
    Destination Clock Delay (DCD):    -0.856ns
    Source Clock Delay      (SCD):    -0.619ns
    Clock Pessimism Removal (CPR):    -0.249ns

    Location             Delay type                Incr(ns)  Path(ns)    Netlist Resource(s)
  -------------------------------------------------------------------    -------------------
                         (clock clk_cpu_clk_wiz_sys_1 rise edge)
                                                      0.000     0.000 r  
    Y22                                               0.000     0.000 r  CLK_FPGA (IN)
                         net (fo=0)                   0.000     0.000    clk_wiz_sys_inst/inst/clk_in1
    Y22                  IBUF (Prop_ibuf_I_O)         0.217     0.217 r  clk_wiz_sys_inst/inst/clkin1_ibufg/O
                         net (fo=1, routed)           0.440     0.657    clk_wiz_sys_inst/inst/clk_in1_clk_wiz_sys
    MMCME2_ADV_X0Y0      MMCME2_ADV (Prop_mmcme2_adv_CLKIN1_CLKOUT0)
                                                     -2.514    -1.857 r  clk_wiz_sys_inst/inst/mmcm_adv_inst/CLKOUT0
                         net (fo=1, routed)           0.648    -1.209    clk_wiz_sys_inst/inst/clk_cpu_clk_wiz_sys
    BUFGCTRL_X0Y0        BUFG (Prop_bufg_I_O)         0.026    -1.183 r  clk_wiz_sys_inst/inst/clkout1_buf/O
                         net (fo=1963, routed)        0.564    -0.619    riscv_cpu_inst/clk_cpu
    SLICE_X59Y55         FDRE                                         r  riscv_cpu_inst/mem_wait_pc_gen_data_reg[7]/C
  -------------------------------------------------------------------    -------------------
    SLICE_X59Y55         FDRE (Prop_fdre_C_Q)         0.141    -0.478 r  riscv_cpu_inst/mem_wait_pc_gen_data_reg[7]/Q
                         net (fo=1, routed)           0.086    -0.392    riscv_cpu_inst/EXMEM_reg_inst/mem_wb_pc_gen_data_reg[31][7]
    SLICE_X58Y55         LUT3 (Prop_lut3_I0_O)        0.045    -0.347 r  riscv_cpu_inst/EXMEM_reg_inst/mem_wb_pc_gen_data[7]_i_1/O
                         net (fo=1, routed)           0.000    -0.347    riscv_cpu_inst/MEMWB_reg_inst/mem_wb_pc_gen_data_reg[31]_1[7]
    SLICE_X58Y55         FDRE                                         r  riscv_cpu_inst/MEMWB_reg_inst/mem_wb_pc_gen_data_reg[7]/D
  -------------------------------------------------------------------    -------------------

                         (clock clk_cpu_clk_wiz_sys_1 rise edge)
                                                      0.000     0.000 r  
    Y22                                               0.000     0.000 r  CLK_FPGA (IN)
                         net (fo=0)                   0.000     0.000    clk_wiz_sys_inst/inst/clk_in1
    Y22                  IBUF (Prop_ibuf_I_O)         0.406     0.406 r  clk_wiz_sys_inst/inst/clkin1_ibufg/O
                         net (fo=1, routed)           0.480     0.886    clk_wiz_sys_inst/inst/clk_in1_clk_wiz_sys
    MMCME2_ADV_X0Y0      MMCME2_ADV (Prop_mmcme2_adv_CLKIN1_CLKOUT0)
                                                     -3.306    -2.420 r  clk_wiz_sys_inst/inst/mmcm_adv_inst/CLKOUT0
                         net (fo=1, routed)           0.700    -1.719    clk_wiz_sys_inst/inst/clk_cpu_clk_wiz_sys
    BUFGCTRL_X0Y0        BUFG (Prop_bufg_I_O)         0.029    -1.690 r  clk_wiz_sys_inst/inst/clkout1_buf/O
                         net (fo=1963, routed)        0.835    -0.856    riscv_cpu_inst/MEMWB_reg_inst/clk_cpu
    SLICE_X58Y55         FDRE                                         r  riscv_cpu_inst/MEMWB_reg_inst/mem_wb_pc_gen_data_reg[7]/C
                         clock pessimism              0.249    -0.606    
    SLICE_X58Y55         FDRE (Hold_fdre_C_D)         0.120    -0.486    riscv_cpu_inst/MEMWB_reg_inst/mem_wb_pc_gen_data_reg[7]
  -------------------------------------------------------------------
                         required time                          0.486    
                         arrival time                          -0.347    
  -------------------------------------------------------------------
                         slack                                  0.139    

Slack (MET) :             0.141ns  (arrival time - required time)
  Source:                 riscv_cpu_inst/branch_target_pc_r_reg[4]/C
                            (rising edge-triggered cell FDRE clocked by clk_cpu_clk_wiz_sys_1  {rise@0.000ns fall@5.000ns period=10.000ns})
  Destination:            riscv_cpu_inst/pc_reg[4]/D
                            (rising edge-triggered cell FDRE clocked by clk_cpu_clk_wiz_sys_1  {rise@0.000ns fall@5.000ns period=10.000ns})
  Path Group:             clk_cpu_clk_wiz_sys_1
  Path Type:              Hold (Min at Fast Process Corner)
  Requirement:            0.000ns  (clk_cpu_clk_wiz_sys_1 rise@0.000ns - clk_cpu_clk_wiz_sys_1 rise@0.000ns)
  Data Path Delay:        0.514ns  (logic 0.249ns (48.397%)  route 0.265ns (51.603%))
  Logic Levels:           2  (CARRY4=1 LUT3=1)
  Clock Path Skew:        0.268ns (DCD - SCD - CPR)
    Destination Clock Delay (DCD):    -0.856ns
    Source Clock Delay      (SCD):    -0.621ns
    Clock Pessimism Removal (CPR):    -0.502ns

    Location             Delay type                Incr(ns)  Path(ns)    Netlist Resource(s)
  -------------------------------------------------------------------    -------------------
                         (clock clk_cpu_clk_wiz_sys_1 rise edge)
                                                      0.000     0.000 r  
    Y22                                               0.000     0.000 r  CLK_FPGA (IN)
                         net (fo=0)                   0.000     0.000    clk_wiz_sys_inst/inst/clk_in1
    Y22                  IBUF (Prop_ibuf_I_O)         0.217     0.217 r  clk_wiz_sys_inst/inst/clkin1_ibufg/O
                         net (fo=1, routed)           0.440     0.657    clk_wiz_sys_inst/inst/clk_in1_clk_wiz_sys
    MMCME2_ADV_X0Y0      MMCME2_ADV (Prop_mmcme2_adv_CLKIN1_CLKOUT0)
                                                     -2.514    -1.857 r  clk_wiz_sys_inst/inst/mmcm_adv_inst/CLKOUT0
                         net (fo=1, routed)           0.648    -1.209    clk_wiz_sys_inst/inst/clk_cpu_clk_wiz_sys
    BUFGCTRL_X0Y0        BUFG (Prop_bufg_I_O)         0.026    -1.183 r  clk_wiz_sys_inst/inst/clkout1_buf/O
                         net (fo=1963, routed)        0.562    -0.621    riscv_cpu_inst/clk_cpu
    SLICE_X51Y58         FDRE                                         r  riscv_cpu_inst/branch_target_pc_r_reg[4]/C
  -------------------------------------------------------------------    -------------------
    SLICE_X51Y58         FDRE (Prop_fdre_C_Q)         0.141    -0.480 r  riscv_cpu_inst/branch_target_pc_r_reg[4]/Q
                         net (fo=1, routed)           0.265    -0.215    riscv_cpu_inst/branch_target_pc_r[4]
    SLICE_X61Y54         LUT3 (Prop_lut3_I0_O)        0.045    -0.170 r  riscv_cpu_inst/pc[1]_i_3/O
                         net (fo=1, routed)           0.000    -0.170    riscv_cpu_inst/pc[1]_i_3_n_0
    SLICE_X61Y54         CARRY4 (Prop_carry4_S[3]_O[3])
                                                      0.063    -0.107 r  riscv_cpu_inst/pc_reg[1]_i_1/O[3]
                         net (fo=1, routed)           0.000    -0.107    riscv_cpu_inst/pc_reg[1]_i_1_n_4
    SLICE_X61Y54         FDRE                                         r  riscv_cpu_inst/pc_reg[4]/D
  -------------------------------------------------------------------    -------------------

                         (clock clk_cpu_clk_wiz_sys_1 rise edge)
                                                      0.000     0.000 r  
    Y22                                               0.000     0.000 r  CLK_FPGA (IN)
                         net (fo=0)                   0.000     0.000    clk_wiz_sys_inst/inst/clk_in1
    Y22                  IBUF (Prop_ibuf_I_O)         0.406     0.406 r  clk_wiz_sys_inst/inst/clkin1_ibufg/O
                         net (fo=1, routed)           0.480     0.886    clk_wiz_sys_inst/inst/clk_in1_clk_wiz_sys
    MMCME2_ADV_X0Y0      MMCME2_ADV (Prop_mmcme2_adv_CLKIN1_CLKOUT0)
                                                     -3.306    -2.420 r  clk_wiz_sys_inst/inst/mmcm_adv_inst/CLKOUT0
                         net (fo=1, routed)           0.700    -1.719    clk_wiz_sys_inst/inst/clk_cpu_clk_wiz_sys
    BUFGCTRL_X0Y0        BUFG (Prop_bufg_I_O)         0.029    -1.690 r  clk_wiz_sys_inst/inst/clkout1_buf/O
                         net (fo=1963, routed)        0.835    -0.856    riscv_cpu_inst/clk_cpu
    SLICE_X61Y54         FDRE                                         r  riscv_cpu_inst/pc_reg[4]/C
                         clock pessimism              0.502    -0.353    
    SLICE_X61Y54         FDRE (Hold_fdre_C_D)         0.105    -0.248    riscv_cpu_inst/pc_reg[4]
  -------------------------------------------------------------------
                         required time                          0.248    
                         arrival time                          -0.107    
  -------------------------------------------------------------------
                         slack                                  0.141    

Slack (MET) :             0.155ns  (arrival time - required time)
  Source:                 riscv_cpu_inst/branch_target_pc_r_reg[29]/C
                            (rising edge-triggered cell FDRE clocked by clk_cpu_clk_wiz_sys_1  {rise@0.000ns fall@5.000ns period=10.000ns})
  Destination:            riscv_cpu_inst/pc_reg[29]/D
                            (rising edge-triggered cell FDRE clocked by clk_cpu_clk_wiz_sys_1  {rise@0.000ns fall@5.000ns period=10.000ns})
  Path Group:             clk_cpu_clk_wiz_sys_1
  Path Type:              Hold (Min at Fast Process Corner)
  Requirement:            0.000ns  (clk_cpu_clk_wiz_sys_1 rise@0.000ns - clk_cpu_clk_wiz_sys_1 rise@0.000ns)
  Data Path Delay:        0.524ns  (logic 0.256ns (48.858%)  route 0.268ns (51.142%))
  Logic Levels:           2  (CARRY4=1 LUT3=1)
  Clock Path Skew:        0.264ns (DCD - SCD - CPR)
    Destination Clock Delay (DCD):    -0.858ns
    Source Clock Delay      (SCD):    -0.619ns
    Clock Pessimism Removal (CPR):    -0.502ns

    Location             Delay type                Incr(ns)  Path(ns)    Netlist Resource(s)
  -------------------------------------------------------------------    -------------------
                         (clock clk_cpu_clk_wiz_sys_1 rise edge)
                                                      0.000     0.000 r  
    Y22                                               0.000     0.000 r  CLK_FPGA (IN)
                         net (fo=0)                   0.000     0.000    clk_wiz_sys_inst/inst/clk_in1
    Y22                  IBUF (Prop_ibuf_I_O)         0.217     0.217 r  clk_wiz_sys_inst/inst/clkin1_ibufg/O
                         net (fo=1, routed)           0.440     0.657    clk_wiz_sys_inst/inst/clk_in1_clk_wiz_sys
    MMCME2_ADV_X0Y0      MMCME2_ADV (Prop_mmcme2_adv_CLKIN1_CLKOUT0)
                                                     -2.514    -1.857 r  clk_wiz_sys_inst/inst/mmcm_adv_inst/CLKOUT0
                         net (fo=1, routed)           0.648    -1.209    clk_wiz_sys_inst/inst/clk_cpu_clk_wiz_sys
    BUFGCTRL_X0Y0        BUFG (Prop_bufg_I_O)         0.026    -1.183 r  clk_wiz_sys_inst/inst/clkout1_buf/O
                         net (fo=1963, routed)        0.564    -0.619    riscv_cpu_inst/clk_cpu
    SLICE_X45Y61         FDRE                                         r  riscv_cpu_inst/branch_target_pc_r_reg[29]/C
  -------------------------------------------------------------------    -------------------
    SLICE_X45Y61         FDRE (Prop_fdre_C_Q)         0.141    -0.478 r  riscv_cpu_inst/branch_target_pc_r_reg[29]/Q
                         net (fo=1, routed)           0.268    -0.210    riscv_cpu_inst/branch_target_pc_r[29]
    SLICE_X61Y61         LUT3 (Prop_lut3_I0_O)        0.045    -0.165 r  riscv_cpu_inst/pc[29]_i_4/O
                         net (fo=1, routed)           0.000    -0.165    riscv_cpu_inst/pc[29]_i_4_n_0
    SLICE_X61Y61         CARRY4 (Prop_carry4_S[0]_O[0])
                                                      0.070    -0.095 r  riscv_cpu_inst/pc_reg[29]_i_1/O[0]
                         net (fo=1, routed)           0.000    -0.095    riscv_cpu_inst/pc_reg[29]_i_1_n_7
    SLICE_X61Y61         FDRE                                         r  riscv_cpu_inst/pc_reg[29]/D
  -------------------------------------------------------------------    -------------------

                         (clock clk_cpu_clk_wiz_sys_1 rise edge)
                                                      0.000     0.000 r  
    Y22                                               0.000     0.000 r  CLK_FPGA (IN)
                         net (fo=0)                   0.000     0.000    clk_wiz_sys_inst/inst/clk_in1
    Y22                  IBUF (Prop_ibuf_I_O)         0.406     0.406 r  clk_wiz_sys_inst/inst/clkin1_ibufg/O
                         net (fo=1, routed)           0.480     0.886    clk_wiz_sys_inst/inst/clk_in1_clk_wiz_sys
    MMCME2_ADV_X0Y0      MMCME2_ADV (Prop_mmcme2_adv_CLKIN1_CLKOUT0)
                                                     -3.306    -2.420 r  clk_wiz_sys_inst/inst/mmcm_adv_inst/CLKOUT0
                         net (fo=1, routed)           0.700    -1.719    clk_wiz_sys_inst/inst/clk_cpu_clk_wiz_sys
    BUFGCTRL_X0Y0        BUFG (Prop_bufg_I_O)         0.029    -1.690 r  clk_wiz_sys_inst/inst/clkout1_buf/O
                         net (fo=1963, routed)        0.833    -0.858    riscv_cpu_inst/clk_cpu
    SLICE_X61Y61         FDRE                                         r  riscv_cpu_inst/pc_reg[29]/C
                         clock pessimism              0.502    -0.355    
    SLICE_X61Y61         FDRE (Hold_fdre_C_D)         0.105    -0.250    riscv_cpu_inst/pc_reg[29]
  -------------------------------------------------------------------
                         required time                          0.250    
                         arrival time                          -0.095    
  -------------------------------------------------------------------
                         slack                                  0.155    

Slack (MET) :             0.157ns  (arrival time - required time)
  Source:                 riscv_cpu_inst/pc_reg[15]/C
                            (rising edge-triggered cell FDRE clocked by clk_cpu_clk_wiz_sys_1  {rise@0.000ns fall@5.000ns period=10.000ns})
  Destination:            inst_bram_inst/U0/inst_blk_mem_gen/gnbram.gnativebmg.native_blk_mem_gen/valid.cstr/has_mux_a.A/no_softecc_sel_reg.ce_pri.sel_pipe_reg[2]/D
                            (rising edge-triggered cell FDRE clocked by clk_cpu_clk_wiz_sys_1  {rise@0.000ns fall@5.000ns period=10.000ns})
  Path Group:             clk_cpu_clk_wiz_sys_1
  Path Type:              Hold (Min at Fast Process Corner)
  Requirement:            0.000ns  (clk_cpu_clk_wiz_sys_1 rise@0.000ns - clk_cpu_clk_wiz_sys_1 rise@0.000ns)
  Data Path Delay:        0.546ns  (logic 0.141ns (25.847%)  route 0.405ns (74.153%))
  Logic Levels:           0  
  Clock Path Skew:        0.337ns (DCD - SCD - CPR)
    Destination Clock Delay (DCD):    -0.786ns
    Source Clock Delay      (SCD):    -0.620ns
    Clock Pessimism Removal (CPR):    -0.502ns

    Location             Delay type                Incr(ns)  Path(ns)    Netlist Resource(s)
  -------------------------------------------------------------------    -------------------
                         (clock clk_cpu_clk_wiz_sys_1 rise edge)
                                                      0.000     0.000 r  
    Y22                                               0.000     0.000 r  CLK_FPGA (IN)
                         net (fo=0)                   0.000     0.000    clk_wiz_sys_inst/inst/clk_in1
    Y22                  IBUF (Prop_ibuf_I_O)         0.217     0.217 r  clk_wiz_sys_inst/inst/clkin1_ibufg/O
                         net (fo=1, routed)           0.440     0.657    clk_wiz_sys_inst/inst/clk_in1_clk_wiz_sys
    MMCME2_ADV_X0Y0      MMCME2_ADV (Prop_mmcme2_adv_CLKIN1_CLKOUT0)
                                                     -2.514    -1.857 r  clk_wiz_sys_inst/inst/mmcm_adv_inst/CLKOUT0
                         net (fo=1, routed)           0.648    -1.209    clk_wiz_sys_inst/inst/clk_cpu_clk_wiz_sys
    BUFGCTRL_X0Y0        BUFG (Prop_bufg_I_O)         0.026    -1.183 r  clk_wiz_sys_inst/inst/clkout1_buf/O
                         net (fo=1963, routed)        0.563    -0.620    riscv_cpu_inst/clk_cpu
    SLICE_X61Y57         FDRE                                         r  riscv_cpu_inst/pc_reg[15]/C
  -------------------------------------------------------------------    -------------------
    SLICE_X61Y57         FDRE (Prop_fdre_C_Q)         0.141    -0.479 r  riscv_cpu_inst/pc_reg[15]/Q
                         net (fo=11, routed)          0.405    -0.075    inst_bram_inst/U0/inst_blk_mem_gen/gnbram.gnativebmg.native_blk_mem_gen/valid.cstr/has_mux_a.A/addra[1]
    SLICE_X60Y43         FDRE                                         r  inst_bram_inst/U0/inst_blk_mem_gen/gnbram.gnativebmg.native_blk_mem_gen/valid.cstr/has_mux_a.A/no_softecc_sel_reg.ce_pri.sel_pipe_reg[2]/D
  -------------------------------------------------------------------    -------------------

                         (clock clk_cpu_clk_wiz_sys_1 rise edge)
                                                      0.000     0.000 r  
    Y22                                               0.000     0.000 r  CLK_FPGA (IN)
                         net (fo=0)                   0.000     0.000    clk_wiz_sys_inst/inst/clk_in1
    Y22                  IBUF (Prop_ibuf_I_O)         0.406     0.406 r  clk_wiz_sys_inst/inst/clkin1_ibufg/O
                         net (fo=1, routed)           0.480     0.886    clk_wiz_sys_inst/inst/clk_in1_clk_wiz_sys
    MMCME2_ADV_X0Y0      MMCME2_ADV (Prop_mmcme2_adv_CLKIN1_CLKOUT0)
                                                     -3.306    -2.420 r  clk_wiz_sys_inst/inst/mmcm_adv_inst/CLKOUT0
                         net (fo=1, routed)           0.700    -1.719    clk_wiz_sys_inst/inst/clk_cpu_clk_wiz_sys
    BUFGCTRL_X0Y0        BUFG (Prop_bufg_I_O)         0.029    -1.690 r  clk_wiz_sys_inst/inst/clkout1_buf/O
                         net (fo=1963, routed)        0.905    -0.786    inst_bram_inst/U0/inst_blk_mem_gen/gnbram.gnativebmg.native_blk_mem_gen/valid.cstr/has_mux_a.A/clka
    SLICE_X60Y43         FDRE                                         r  inst_bram_inst/U0/inst_blk_mem_gen/gnbram.gnativebmg.native_blk_mem_gen/valid.cstr/has_mux_a.A/no_softecc_sel_reg.ce_pri.sel_pipe_reg[2]/C
                         clock pessimism              0.502    -0.283    
    SLICE_X60Y43         FDRE (Hold_fdre_C_D)         0.052    -0.231    inst_bram_inst/U0/inst_blk_mem_gen/gnbram.gnativebmg.native_blk_mem_gen/valid.cstr/has_mux_a.A/no_softecc_sel_reg.ce_pri.sel_pipe_reg[2]
  -------------------------------------------------------------------
                         required time                          0.231    
                         arrival time                          -0.075    
  -------------------------------------------------------------------
                         slack                                  0.157    

Slack (MET) :             0.157ns  (arrival time - required time)
  Source:                 riscv_cpu_inst/branch_target_pc_r_reg[18]/C
                            (rising edge-triggered cell FDRE clocked by clk_cpu_clk_wiz_sys_1  {rise@0.000ns fall@5.000ns period=10.000ns})
  Destination:            riscv_cpu_inst/pc_reg[18]/D
                            (rising edge-triggered cell FDRE clocked by clk_cpu_clk_wiz_sys_1  {rise@0.000ns fall@5.000ns period=10.000ns})
  Path Group:             clk_cpu_clk_wiz_sys_1
  Path Type:              Hold (Min at Fast Process Corner)
  Requirement:            0.000ns  (clk_cpu_clk_wiz_sys_1 rise@0.000ns - clk_cpu_clk_wiz_sys_1 rise@0.000ns)
  Data Path Delay:        0.530ns  (logic 0.251ns (47.336%)  route 0.279ns (52.664%))
  Logic Levels:           2  (CARRY4=1 LUT3=1)
  Clock Path Skew:        0.268ns (DCD - SCD - CPR)
    Destination Clock Delay (DCD):    -0.857ns
    Source Clock Delay      (SCD):    -0.622ns
    Clock Pessimism Removal (CPR):    -0.502ns

    Location             Delay type                Incr(ns)  Path(ns)    Netlist Resource(s)
  -------------------------------------------------------------------    -------------------
                         (clock clk_cpu_clk_wiz_sys_1 rise edge)
                                                      0.000     0.000 r  
    Y22                                               0.000     0.000 r  CLK_FPGA (IN)
                         net (fo=0)                   0.000     0.000    clk_wiz_sys_inst/inst/clk_in1
    Y22                  IBUF (Prop_ibuf_I_O)         0.217     0.217 r  clk_wiz_sys_inst/inst/clkin1_ibufg/O
                         net (fo=1, routed)           0.440     0.657    clk_wiz_sys_inst/inst/clk_in1_clk_wiz_sys
    MMCME2_ADV_X0Y0      MMCME2_ADV (Prop_mmcme2_adv_CLKIN1_CLKOUT0)
                                                     -2.514    -1.857 r  clk_wiz_sys_inst/inst/mmcm_adv_inst/CLKOUT0
                         net (fo=1, routed)           0.648    -1.209    clk_wiz_sys_inst/inst/clk_cpu_clk_wiz_sys
    BUFGCTRL_X0Y0        BUFG (Prop_bufg_I_O)         0.026    -1.183 r  clk_wiz_sys_inst/inst/clkout1_buf/O
                         net (fo=1963, routed)        0.561    -0.622    riscv_cpu_inst/clk_cpu
    SLICE_X48Y62         FDRE                                         r  riscv_cpu_inst/branch_target_pc_r_reg[18]/C
  -------------------------------------------------------------------    -------------------
    SLICE_X48Y62         FDRE (Prop_fdre_C_Q)         0.141    -0.481 r  riscv_cpu_inst/branch_target_pc_r_reg[18]/Q
                         net (fo=1, routed)           0.279    -0.202    riscv_cpu_inst/branch_target_pc_r[18]
    SLICE_X61Y58         LUT3 (Prop_lut3_I0_O)        0.045    -0.157 r  riscv_cpu_inst/pc[17]_i_4/O
                         net (fo=1, routed)           0.000    -0.157    riscv_cpu_inst/pc[17]_i_4_n_0
    SLICE_X61Y58         CARRY4 (Prop_carry4_S[1]_O[1])
                                                      0.065    -0.092 r  riscv_cpu_inst/pc_reg[17]_i_1/O[1]
                         net (fo=1, routed)           0.000    -0.092    riscv_cpu_inst/pc_reg[17]_i_1_n_6
    SLICE_X61Y58         FDRE                                         r  riscv_cpu_inst/pc_reg[18]/D
  -------------------------------------------------------------------    -------------------

                         (clock clk_cpu_clk_wiz_sys_1 rise edge)
                                                      0.000     0.000 r  
    Y22                                               0.000     0.000 r  CLK_FPGA (IN)
                         net (fo=0)                   0.000     0.000    clk_wiz_sys_inst/inst/clk_in1
    Y22                  IBUF (Prop_ibuf_I_O)         0.406     0.406 r  clk_wiz_sys_inst/inst/clkin1_ibufg/O
                         net (fo=1, routed)           0.480     0.886    clk_wiz_sys_inst/inst/clk_in1_clk_wiz_sys
    MMCME2_ADV_X0Y0      MMCME2_ADV (Prop_mmcme2_adv_CLKIN1_CLKOUT0)
                                                     -3.306    -2.420 r  clk_wiz_sys_inst/inst/mmcm_adv_inst/CLKOUT0
                         net (fo=1, routed)           0.700    -1.719    clk_wiz_sys_inst/inst/clk_cpu_clk_wiz_sys
    BUFGCTRL_X0Y0        BUFG (Prop_bufg_I_O)         0.029    -1.690 r  clk_wiz_sys_inst/inst/clkout1_buf/O
                         net (fo=1963, routed)        0.834    -0.857    riscv_cpu_inst/clk_cpu
    SLICE_X61Y58         FDRE                                         r  riscv_cpu_inst/pc_reg[18]/C
                         clock pessimism              0.502    -0.354    
    SLICE_X61Y58         FDRE (Hold_fdre_C_D)         0.105    -0.249    riscv_cpu_inst/pc_reg[18]
  -------------------------------------------------------------------
                         required time                          0.249    
                         arrival time                          -0.092    
  -------------------------------------------------------------------
                         slack                                  0.157    





Pulse Width Checks
--------------------------------------------------------------------------------------
Clock Name:         clk_cpu_clk_wiz_sys_1
Waveform(ns):       { 0.000 5.000 }
Period(ns):         10.000
Sources:            { clk_wiz_sys_inst/inst/mmcm_adv_inst/CLKOUT0 }

Check Type        Corner  Lib Pin             Reference Pin  Required(ns)  Actual(ns)  Slack(ns)  Location         Pin
Min Period        n/a     RAMB36E1/CLKARDCLK  n/a            2.170         10.000      7.830      RAMB36_X0Y22     data_bram_inst/U0/inst_blk_mem_gen/gnbram.gnativebmg.native_blk_mem_gen/valid.cstr/ramloop[14].ram.r/prim_init.ram/DEVICE_7SERIES.NO_BMM_INFO.TRUE_DP.SIMPLE_PRIM36.ram/CLKARDCLK
Min Period        n/a     RAMB36E1/CLKBWRCLK  n/a            2.170         10.000      7.830      RAMB36_X0Y22     data_bram_inst/U0/inst_blk_mem_gen/gnbram.gnativebmg.native_blk_mem_gen/valid.cstr/ramloop[14].ram.r/prim_init.ram/DEVICE_7SERIES.NO_BMM_INFO.TRUE_DP.SIMPLE_PRIM36.ram/CLKBWRCLK
Min Period        n/a     RAMB36E1/CLKARDCLK  n/a            2.170         10.000      7.830      RAMB36_X0Y14     data_bram_inst/U0/inst_blk_mem_gen/gnbram.gnativebmg.native_blk_mem_gen/valid.cstr/ramloop[19].ram.r/prim_init.ram/DEVICE_7SERIES.NO_BMM_INFO.TRUE_DP.SIMPLE_PRIM36.ram/CLKARDCLK
Min Period        n/a     RAMB36E1/CLKBWRCLK  n/a            2.170         10.000      7.830      RAMB36_X0Y14     data_bram_inst/U0/inst_blk_mem_gen/gnbram.gnativebmg.native_blk_mem_gen/valid.cstr/ramloop[19].ram.r/prim_init.ram/DEVICE_7SERIES.NO_BMM_INFO.TRUE_DP.SIMPLE_PRIM36.ram/CLKBWRCLK
Min Period        n/a     RAMB36E1/CLKARDCLK  n/a            2.170         10.000      7.830      RAMB36_X0Y13     data_bram_inst/U0/inst_blk_mem_gen/gnbram.gnativebmg.native_blk_mem_gen/valid.cstr/ramloop[23].ram.r/prim_init.ram/DEVICE_7SERIES.NO_BMM_INFO.TRUE_DP.SIMPLE_PRIM36.ram/CLKARDCLK
Min Period        n/a     RAMB36E1/CLKBWRCLK  n/a            2.170         10.000      7.830      RAMB36_X0Y13     data_bram_inst/U0/inst_blk_mem_gen/gnbram.gnativebmg.native_blk_mem_gen/valid.cstr/ramloop[23].ram.r/prim_init.ram/DEVICE_7SERIES.NO_BMM_INFO.TRUE_DP.SIMPLE_PRIM36.ram/CLKBWRCLK
Min Period        n/a     RAMB36E1/CLKARDCLK  n/a            2.170         10.000      7.830      RAMB36_X2Y17     data_bram_inst/U0/inst_blk_mem_gen/gnbram.gnativebmg.native_blk_mem_gen/valid.cstr/ramloop[28].ram.r/prim_init.ram/DEVICE_7SERIES.NO_BMM_INFO.TRUE_DP.SIMPLE_PRIM36.ram/CLKARDCLK
Min Period        n/a     RAMB36E1/CLKBWRCLK  n/a            2.170         10.000      7.830      RAMB36_X2Y17     data_bram_inst/U0/inst_blk_mem_gen/gnbram.gnativebmg.native_blk_mem_gen/valid.cstr/ramloop[28].ram.r/prim_init.ram/DEVICE_7SERIES.NO_BMM_INFO.TRUE_DP.SIMPLE_PRIM36.ram/CLKBWRCLK
Min Period        n/a     RAMB36E1/CLKARDCLK  n/a            2.170         10.000      7.830      RAMB36_X3Y13     data_bram_inst/U0/inst_blk_mem_gen/gnbram.gnativebmg.native_blk_mem_gen/valid.cstr/ramloop[3].ram.r/prim_init.ram/DEVICE_7SERIES.NO_BMM_INFO.TRUE_DP.SIMPLE_PRIM36.ram/CLKARDCLK
Min Period        n/a     RAMB36E1/CLKBWRCLK  n/a            2.170         10.000      7.830      RAMB36_X3Y13     data_bram_inst/U0/inst_blk_mem_gen/gnbram.gnativebmg.native_blk_mem_gen/valid.cstr/ramloop[3].ram.r/prim_init.ram/DEVICE_7SERIES.NO_BMM_INFO.TRUE_DP.SIMPLE_PRIM36.ram/CLKBWRCLK
Max Period        n/a     MMCME2_ADV/CLKOUT0  n/a            213.360       10.000      203.360    MMCME2_ADV_X0Y0  clk_wiz_sys_inst/inst/mmcm_adv_inst/CLKOUT0
Low Pulse Width   Slow    FDRE/C              n/a            0.500         5.000       4.500      SLICE_X42Y62     riscv_cpu_inst/EXMEM_reg_inst/ex_mem_reg_rd_dout_2_reg[13]/C
Low Pulse Width   Slow    FDRE/C              n/a            0.500         5.000       4.500      SLICE_X42Y62     riscv_cpu_inst/EXMEM_reg_inst/ex_mem_reg_rd_dout_2_reg[18]/C
Low Pulse Width   Slow    FDRE/C              n/a            0.500         5.000       4.500      SLICE_X55Y62     riscv_cpu_inst/EXMEM_reg_inst/ex_mem_reg_rd_dout_2_reg[1]/C
Low Pulse Width   Slow    FDRE/C              n/a            0.500         5.000       4.500      SLICE_X42Y62     riscv_cpu_inst/EXMEM_reg_inst/ex_mem_reg_rd_dout_2_reg[21]/C
Low Pulse Width   Slow    FDRE/C              n/a            0.500         5.000       4.500      SLICE_X44Y62     riscv_cpu_inst/EXMEM_reg_inst/ex_mem_reg_rd_dout_2_reg[26]/C
Low Pulse Width   Slow    FDRE/C              n/a            0.500         5.000       4.500      SLICE_X52Y62     riscv_cpu_inst/EXMEM_reg_inst/ex_mem_reg_rd_dout_2_reg[27]/C
Low Pulse Width   Slow    FDRE/C              n/a            0.500         5.000       4.500      SLICE_X42Y62     riscv_cpu_inst/EXMEM_reg_inst/ex_mem_reg_rd_dout_2_reg[29]/C
Low Pulse Width   Slow    FDRE/C              n/a            0.500         5.000       4.500      SLICE_X44Y62     riscv_cpu_inst/EXMEM_reg_inst/ex_mem_reg_rd_dout_2_reg[2]/C
Low Pulse Width   Slow    FDCE/C              n/a            0.500         5.000       4.500      SLICE_X36Y44     riscv_cpu_inst/riscv_reg_file_inst/reg_array_reg[12][5]/C
Low Pulse Width   Fast    FDCE/C              n/a            0.500         5.000       4.500      SLICE_X36Y44     riscv_cpu_inst/riscv_reg_file_inst/reg_array_reg[12][5]/C
High Pulse Width  Fast    FDRE/C              n/a            0.500         5.000       4.500      SLICE_X42Y62     riscv_cpu_inst/EXMEM_reg_inst/ex_mem_reg_rd_dout_2_reg[13]/C
High Pulse Width  Slow    FDRE/C              n/a            0.500         5.000       4.500      SLICE_X48Y60     riscv_cpu_inst/EXMEM_reg_inst/ex_mem_reg_rd_dout_2_reg[15]/C
High Pulse Width  Fast    FDRE/C              n/a            0.500         5.000       4.500      SLICE_X48Y60     riscv_cpu_inst/EXMEM_reg_inst/ex_mem_reg_rd_dout_2_reg[15]/C
High Pulse Width  Fast    FDRE/C              n/a            0.500         5.000       4.500      SLICE_X42Y62     riscv_cpu_inst/EXMEM_reg_inst/ex_mem_reg_rd_dout_2_reg[18]/C
High Pulse Width  Slow    FDRE/C              n/a            0.500         5.000       4.500      SLICE_X47Y62     riscv_cpu_inst/EXMEM_reg_inst/ex_mem_reg_rd_dout_2_reg[19]/C
High Pulse Width  Fast    FDRE/C              n/a            0.500         5.000       4.500      SLICE_X58Y61     riscv_cpu_inst/EXMEM_reg_inst/ex_mem_reg_rd_dout_2_reg[20]/C
High Pulse Width  Fast    FDRE/C              n/a            0.500         5.000       4.500      SLICE_X42Y62     riscv_cpu_inst/EXMEM_reg_inst/ex_mem_reg_rd_dout_2_reg[21]/C
High Pulse Width  Slow    FDRE/C              n/a            0.500         5.000       4.500      SLICE_X55Y60     riscv_cpu_inst/EXMEM_reg_inst/ex_mem_reg_rd_dout_2_reg[22]/C
High Pulse Width  Slow    FDRE/C              n/a            0.500         5.000       4.500      SLICE_X55Y60     riscv_cpu_inst/EXMEM_reg_inst/ex_mem_reg_rd_dout_2_reg[23]/C
High Pulse Width  Fast    FDRE/C              n/a            0.500         5.000       4.500      SLICE_X44Y62     riscv_cpu_inst/EXMEM_reg_inst/ex_mem_reg_rd_dout_2_reg[26]/C



---------------------------------------------------------------------------------------------------
From Clock:  clkfbout_clk_wiz_sys_1
  To Clock:  clkfbout_clk_wiz_sys_1

Setup :           NA  Failing Endpoints,  Worst Slack           NA  ,  Total Violation           NA
Hold  :           NA  Failing Endpoints,  Worst Slack           NA  ,  Total Violation           NA
PW    :            0  Failing Endpoints,  Worst Slack        8.408ns,  Total Violation        0.000ns
---------------------------------------------------------------------------------------------------


Pulse Width Checks
--------------------------------------------------------------------------------------
Clock Name:         clkfbout_clk_wiz_sys_1
Waveform(ns):       { 0.000 5.000 }
Period(ns):         10.000
Sources:            { clk_wiz_sys_inst/inst/mmcm_adv_inst/CLKFBOUT }

Check Type  Corner  Lib Pin              Reference Pin  Required(ns)  Actual(ns)  Slack(ns)  Location         Pin
Min Period  n/a     BUFG/I               n/a            1.592         10.000      8.408      BUFGCTRL_X0Y1    clk_wiz_sys_inst/inst/clkf_buf/I
Min Period  n/a     MMCME2_ADV/CLKFBOUT  n/a            1.249         10.000      8.751      MMCME2_ADV_X0Y0  clk_wiz_sys_inst/inst/mmcm_adv_inst/CLKFBOUT
Min Period  n/a     MMCME2_ADV/CLKFBIN   n/a            1.249         10.000      8.751      MMCME2_ADV_X0Y0  clk_wiz_sys_inst/inst/mmcm_adv_inst/CLKFBIN
Max Period  n/a     MMCME2_ADV/CLKFBIN   n/a            100.000       10.000      90.000     MMCME2_ADV_X0Y0  clk_wiz_sys_inst/inst/mmcm_adv_inst/CLKFBIN
Max Period  n/a     MMCME2_ADV/CLKFBOUT  n/a            213.360       10.000      203.360    MMCME2_ADV_X0Y0  clk_wiz_sys_inst/inst/mmcm_adv_inst/CLKFBOUT



